,Band1,Band2,Band3,Band4,Band5,Band6,Band7,Band8,Band9,Band10,Band11,Band12,Band13,Band14,Band15,Band16,Band17,Band18,Band19,Band20,Band21,Band22,Band23,Band24,Band25,Band26,Band27,Band28,Band29,Band30,Band31,Band32,Band33,Band34,Band35,Band36,Band37,Band38,Band39,Band40,Band41,Band42,Band43,Band44,Band45,Band46,Band47,Band48,Band49,Band50,Band51,Band52,Band53,Band54,Band55,Band56,Band57,Band58,Band59,Band60,Type
198,0.024,0.032,0.042,0.04,0.079,0.077,0.08800000000000001,0.114,0.159,0.205,0.265,0.31,0.23800000000000002,0.192,0.14300000000000002,0.174,0.17800000000000002,0.285,0.504,0.617,0.762,0.812,0.779,0.879,0.8809999999999999,0.9470000000000001,1.0,0.9740000000000001,0.845,0.615,0.43,0.316,0.287,0.20199999999999999,0.121,0.027000000000000003,0.057999999999999996,0.126,0.107,0.10800000000000001,0.036000000000000004,0.12,0.20600000000000002,0.205,0.188,0.205,0.172,0.107,0.048,0.017,0.019,0.01,0.007,0.008,0.004,0.003,0.003,0.001,0.004,0.006,M
195,0.013000000000000001,0.013999999999999999,0.031,0.038,0.077,0.079,0.066,0.111,0.17800000000000002,0.22399999999999998,0.243,0.313,0.321,0.292,0.225,0.235,0.214,0.294,0.49,0.613,0.753,0.772,0.743,0.867,0.9309999999999999,0.9840000000000001,1.0,0.96,0.872,0.6859999999999999,0.49,0.32799999999999996,0.312,0.19699999999999998,0.102,0.032,0.076,0.091,0.107,0.138,0.066,0.14800000000000002,0.247,0.27899999999999997,0.271,0.228,0.182,0.11800000000000001,0.055,0.022000000000000002,0.02,0.012,0.009,0.007,0.002,0.003,0.005,0.002,0.002,0.003,M
161,0.03,0.036000000000000004,0.021,0.023,0.046,0.066,0.094,0.09699999999999999,0.254,0.313,0.21899999999999997,0.262,0.242,0.218,0.11599999999999999,0.124,0.08900000000000001,0.17600000000000002,0.17600000000000002,0.154,0.051,0.18,0.40399999999999997,0.57,0.6579999999999999,0.747,0.8540000000000001,0.9079999999999999,0.867,0.889,0.9059999999999999,0.852,0.72,0.62,0.625,0.685,0.7340000000000001,0.628,0.5720000000000001,0.612,0.56,0.496,0.503,0.5770000000000001,0.591,0.48,0.38799999999999996,0.278,0.14300000000000002,0.042,0.027000000000000003,0.02,0.007,0.007,0.009,0.009,0.007,0.004,0.006,0.002,M
187,0.037000000000000005,0.027999999999999997,0.01,0.057,0.076,0.068,0.09699999999999999,0.147,0.21600000000000003,0.254,0.294,0.294,0.266,0.319,0.27899999999999997,0.253,0.198,0.193,0.28300000000000003,0.324,0.35,0.332,0.42200000000000004,0.47700000000000004,0.48100000000000004,0.632,0.833,0.946,1.0,0.8420000000000001,0.552,0.48,0.52,0.397,0.19399999999999998,0.152,0.201,0.174,0.10300000000000001,0.22399999999999998,0.37200000000000005,0.445,0.39399999999999996,0.203,0.201,0.21899999999999997,0.184,0.14800000000000002,0.09699999999999999,0.022000000000000002,0.015,0.01,0.002,0.002,0.006,0.009,0.001,0.009,0.011000000000000001,0.005,M
109,0.026000000000000002,0.007,0.034,0.079,0.10400000000000001,0.078,0.142,0.11800000000000001,0.045,0.094,0.113,0.084,0.07200000000000001,0.19699999999999998,0.263,0.419,0.505,0.6709999999999999,0.792,0.838,0.8759999999999999,0.9420000000000001,1.0,0.993,0.958,0.865,0.722,0.58,0.496,0.489,0.408,0.244,0.177,0.247,0.35200000000000004,0.376,0.29100000000000004,0.231,0.317,0.355,0.374,0.444,0.326,0.196,0.086,0.16899999999999998,0.19899999999999998,0.122,0.063,0.032,0.025,0.021,0.026000000000000002,0.018000000000000002,0.004,0.007,0.012,0.008,0.008,0.007,M
171,0.018000000000000002,0.013999999999999999,0.040999999999999995,0.063,0.06,0.081,0.209,0.34600000000000003,0.528,0.596,0.625,0.451,0.369,0.28600000000000003,0.16399999999999998,0.042,0.17800000000000002,0.439,0.695,0.81,0.855,0.872,0.86,0.92,0.873,0.8079999999999999,0.8690000000000001,0.841,0.579,0.375,0.348,0.46399999999999997,0.65,0.69,0.5670000000000001,0.519,0.506,0.38799999999999996,0.376,0.374,0.26,0.159,0.188,0.22699999999999998,0.158,0.121,0.08800000000000001,0.085,0.036000000000000004,0.022000000000000002,0.009,0.012,0.006,0.019,0.011000000000000001,0.013000000000000001,0.008,0.016,0.016,0.008,M
1,0.045,0.052000000000000005,0.084,0.069,0.11800000000000001,0.258,0.21600000000000003,0.348,0.33399999999999996,0.287,0.49200000000000005,0.655,0.6920000000000001,0.78,0.746,0.9440000000000001,1.0,0.887,0.802,0.782,0.521,0.405,0.396,0.391,0.325,0.32,0.327,0.27699999999999997,0.442,0.203,0.379,0.295,0.198,0.23399999999999999,0.131,0.418,0.384,0.106,0.184,0.19699999999999998,0.16699999999999998,0.057999999999999996,0.14,0.163,0.062,0.02,0.053,0.07400000000000001,0.040999999999999995,0.006,0.012,0.008,0.009,0.005,0.009,0.019,0.013999999999999999,0.005,0.005,0.004,R
205,0.052000000000000005,0.044000000000000004,0.018000000000000002,0.028999999999999998,0.035,0.11699999999999999,0.126,0.11800000000000001,0.126,0.253,0.272,0.237,0.188,0.098,0.068,0.15,0.172,0.23399999999999999,0.196,0.14,0.316,0.589,0.763,0.847,0.9420000000000001,0.9990000000000001,0.97,1.0,0.863,0.698,0.772,0.73,0.52,0.179,0.11,0.145,0.107,0.14400000000000002,0.193,0.032,0.149,0.033,0.054000000000000006,0.131,0.091,0.076,0.106,0.1,0.054000000000000006,0.024,0.016,0.016,0.003,0.005,0.006,0.009,0.013999999999999999,0.013999999999999999,0.008,0.003,M
55,0.02,0.012,0.012,0.024,0.055,0.021,0.08900000000000001,0.084,0.134,0.12,0.174,0.139,0.204,0.258,0.262,0.21,0.253,0.321,0.433,0.47600000000000003,0.5329999999999999,0.606,0.67,0.748,0.893,0.94,1.0,0.978,0.847,0.764,0.67,0.499,0.37200000000000005,0.22,0.142,0.268,0.263,0.31,0.33899999999999997,0.212,0.11699999999999999,0.266,0.22,0.154,0.146,0.10400000000000001,0.122,0.07400000000000001,0.049,0.022000000000000002,0.003,0.008,0.004,0.006,0.008,0.004,0.004,0.003,0.001,0.002,R
81,0.01,0.019,0.016,0.049,0.084,0.10099999999999999,0.163,0.207,0.27,0.299,0.324,0.35600000000000004,0.395,0.52,0.695,0.847,1.0,0.9279999999999999,0.851,0.8009999999999999,0.8140000000000001,0.882,0.73,0.611,0.716,0.846,0.632,0.48100000000000004,0.629,0.715,0.6,0.424,0.41100000000000003,0.39899999999999997,0.17300000000000001,0.198,0.237,0.134,0.158,0.315,0.19699999999999998,0.205,0.127,0.113,0.195,0.22,0.193,0.15,0.077,0.02,0.012,0.013000000000000001,0.007,0.008,0.008,0.006,0.008,0.002,0.005,0.002,R
0,0.02,0.037000000000000005,0.043,0.021,0.095,0.099,0.154,0.16,0.311,0.21100000000000002,0.161,0.158,0.22399999999999998,0.064,0.066,0.22699999999999998,0.31,0.3,0.508,0.48,0.578,0.507,0.433,0.555,0.6709999999999999,0.642,0.71,0.8079999999999999,0.679,0.386,0.131,0.26,0.512,0.755,0.8540000000000001,0.851,0.669,0.61,0.494,0.27399999999999997,0.051,0.28300000000000003,0.282,0.426,0.264,0.139,0.105,0.134,0.038,0.032,0.023,0.003,0.006,0.016,0.007,0.017,0.018000000000000002,0.008,0.009,0.003,R
121,0.016,0.004,0.024,0.044000000000000004,0.063,0.092,0.13699999999999998,0.10800000000000001,0.155,0.17800000000000002,0.21600000000000003,0.257,0.309,0.38299999999999995,0.439,0.534,0.6,0.6729999999999999,0.731,0.809,0.894,0.9670000000000001,1.0,0.9890000000000001,0.938,0.899,0.9179999999999999,0.9129999999999999,0.7809999999999999,0.602,0.376,0.33,0.228,0.021,0.11199999999999999,0.179,0.237,0.284,0.22399999999999998,0.272,0.336,0.255,0.187,0.21600000000000003,0.128,0.077,0.107,0.095,0.064,0.023,0.013000000000000001,0.017,0.013999999999999999,0.011000000000000001,0.006,0.016,0.009,0.004,0.005,0.003,M
60,0.013000000000000001,0.001,0.009,0.046,0.052000000000000005,0.078,0.09300000000000001,0.094,0.171,0.14800000000000002,0.153,0.11,0.08900000000000001,0.124,0.12,0.114,0.214,0.284,0.364,0.5429999999999999,0.667,0.7979999999999999,0.927,0.903,0.919,1.0,0.982,0.909,0.818,0.696,0.59,0.545,0.514,0.539,0.5529999999999999,0.532,0.483,0.379,0.183,0.175,0.168,0.067,0.061,0.038,0.053,0.027999999999999997,0.018000000000000002,0.011000000000000001,0.007,0.012,0.009,0.008,0.004,0.001,0.001,0.004,0.004,0.002,0.002,0.002,R
63,0.007,0.01,0.002,0.006,0.02,0.062,0.043,0.095,0.084,0.11800000000000001,0.098,0.091,0.066,0.059000000000000004,0.083,0.13,0.204,0.381,0.445,0.522,0.591,0.657,0.631,0.6,0.496,0.565,0.691,0.851,1.0,0.917,0.768,0.618,0.547,0.552,0.546,0.552,0.456,0.34700000000000003,0.33799999999999997,0.285,0.25,0.16399999999999998,0.16,0.149,0.133,0.069,0.06,0.055999999999999994,0.031,0.015,0.003,0.005,0.002,0.002,0.004,0.002,0.003,0.003,0.005,0.003,R
206,0.03,0.035,0.049,0.061,0.017,0.135,0.146,0.11199999999999999,0.19399999999999998,0.235,0.29,0.281,0.158,0.027000000000000003,0.067,0.14400000000000002,0.207,0.264,0.28300000000000003,0.429,0.568,0.6990000000000001,0.725,0.762,0.924,1.0,0.998,0.83,0.703,0.7140000000000001,0.6890000000000001,0.496,0.258,0.09699999999999999,0.078,0.036000000000000004,0.157,0.182,0.135,0.085,0.049,0.13699999999999998,0.155,0.155,0.132,0.098,0.126,0.095,0.049,0.024,0.004,0.009,0.005,0.013000000000000001,0.004,0.004,0.003,0.008,0.004,0.005,M
128,0.037000000000000005,0.059000000000000004,0.063,0.053,0.026000000000000002,0.142,0.207,0.273,0.307,0.26,0.348,0.4,0.457,0.595,0.792,0.8270000000000001,0.809,0.898,0.983,0.898,0.889,0.937,0.912,0.794,0.672,0.632,0.486,0.33899999999999997,0.483,0.382,0.308,0.127,0.07400000000000001,0.151,0.191,0.182,0.171,0.095,0.28300000000000003,0.301,0.16,0.14800000000000002,0.28800000000000003,0.205,0.106,0.14,0.106,0.053,0.04,0.018000000000000002,0.035,0.012,0.006,0.024,0.003,0.009,0.012,0.011000000000000001,0.01,0.013000000000000001,M
32,0.02,0.021,0.006,0.019,0.032,0.057,0.1,0.067,0.069,0.024,0.073,0.064,0.3,0.385,0.47700000000000004,0.46,0.318,0.41600000000000004,0.643,1.0,0.863,0.521,0.316,0.595,0.773,0.604,0.43799999999999994,0.5489999999999999,0.47200000000000003,0.624,0.385,0.159,0.389,0.529,0.35,0.44799999999999995,0.40399999999999997,0.503,0.648,0.5489999999999999,0.355,0.203,0.188,0.084,0.132,0.159,0.055999999999999994,0.062,0.034,0.037000000000000005,0.026000000000000002,0.016,0.007,0.027000000000000003,0.02,0.009,0.01,0.01,0.002,0.005,R
172,0.018000000000000002,0.044000000000000004,0.048,0.07,0.162,0.08900000000000001,0.06,0.107,0.318,0.292,0.327,0.304,0.303,0.259,0.168,0.131,0.28,0.452,0.664,0.768,0.696,0.439,0.243,0.289,0.49700000000000005,0.8170000000000001,1.0,0.924,0.852,0.772,0.5770000000000001,0.519,0.682,0.622,0.505,0.358,0.381,0.381,0.336,0.27699999999999997,0.365,0.38299999999999995,0.345,0.21,0.10300000000000001,0.08,0.07,0.053,0.024,0.012,0.012,0.012,0.011000000000000001,0.01,0.003,0.002,0.003,0.005,0.007,0.002,M
143,0.052000000000000005,0.094,0.062,0.042,0.1,0.243,0.17800000000000002,0.20199999999999999,0.261,0.129,0.265,0.278,0.44299999999999995,0.36700000000000005,0.204,0.276,0.325,0.154,0.278,0.35100000000000003,0.519,0.705,0.7140000000000001,0.6809999999999999,0.51,0.531,0.613,0.8390000000000001,0.903,0.861,0.966,0.917,0.713,0.69,0.731,0.413,0.158,0.182,0.138,0.29600000000000004,0.6940000000000001,0.825,0.535,0.44,0.645,0.621,0.302,0.138,0.036000000000000004,0.036000000000000004,0.046,0.043,0.027000000000000003,0.015,0.012,0.013000000000000001,0.002,0.011000000000000001,0.007,0.008,M
42,0.021,0.032,0.042,0.028999999999999998,0.012,0.044000000000000004,0.13,0.139,0.07,0.057,0.087,0.19399999999999998,0.14800000000000002,0.187,0.19899999999999998,0.32799999999999996,0.6859999999999999,0.581,0.25,0.17300000000000001,0.336,0.5589999999999999,0.659,0.701,0.81,0.89,0.8740000000000001,0.789,0.872,0.938,0.892,0.7509999999999999,0.6829999999999999,0.7609999999999999,0.902,1.0,0.912,0.7390000000000001,0.5920000000000001,0.406,0.302,0.233,0.293,0.23,0.239,0.191,0.11,0.03,0.017,0.038,0.005,0.009,0.004,0.015,0.011000000000000001,0.002,0.01,0.005,0.007,0.008,R
64,0.007,0.01,0.013999999999999999,0.049,0.025,0.081,0.07,0.07400000000000001,0.012,0.09,0.028999999999999998,0.155,0.14400000000000002,0.10400000000000001,0.142,0.12300000000000001,0.08900000000000001,0.205,0.083,0.152,0.303,0.161,0.067,0.14300000000000002,0.04,0.165,0.34,0.486,0.521,0.551,0.61,0.599,0.6759999999999999,0.89,1.0,0.9520000000000001,0.846,0.7070000000000001,0.67,0.633,0.51,0.41600000000000004,0.282,0.17,0.142,0.09699999999999999,0.08800000000000001,0.086,0.036000000000000004,0.023,0.025,0.004,0.005,0.008,0.012,0.01,0.005,0.003,0.007,0.006,R
6,0.032,0.096,0.132,0.141,0.16699999999999998,0.171,0.073,0.14,0.20800000000000002,0.35100000000000003,0.179,0.066,0.051,0.375,0.542,0.544,0.515,0.426,0.20199999999999999,0.423,0.772,0.9740000000000001,0.9390000000000001,0.556,0.527,0.6829999999999999,0.5710000000000001,0.5429999999999999,0.218,0.215,0.581,0.632,0.29600000000000004,0.187,0.297,0.516,0.615,0.428,0.5479999999999999,0.613,0.502,0.23800000000000002,0.196,0.175,0.13,0.06,0.11199999999999999,0.105,0.051,0.016,0.02,0.02,0.025,0.013000000000000001,0.007,0.013999999999999999,0.009,0.013999999999999999,0.004,0.01,R
77,0.034,0.028999999999999998,0.048,0.054000000000000006,0.079,0.08,0.114,0.12300000000000001,0.124,0.084,0.036000000000000004,0.069,0.17,0.326,0.46,0.622,0.733,0.784,0.799,0.826,1.0,0.981,0.9620000000000001,0.96,0.912,0.909,0.7929999999999999,0.588,0.34700000000000003,0.424,0.46299999999999997,0.341,0.285,0.285,0.174,0.055,0.11900000000000001,0.115,0.086,0.18100000000000002,0.126,0.08,0.038,0.127,0.11199999999999999,0.05,0.095,0.068,0.026000000000000002,0.017,0.003,0.015,0.011000000000000001,0.003,0.004,0.017,0.013999999999999999,0.002,0.007,0.005,R
137,0.043,0.09,0.083,0.081,0.016,0.027999999999999997,0.057,0.20600000000000002,0.389,0.711,0.7340000000000001,0.503,0.3,0.195,0.27699999999999997,0.374,0.251,0.251,0.32899999999999996,0.48700000000000004,0.653,0.845,0.9740000000000001,1.0,0.6659999999999999,0.532,0.402,0.344,0.424,0.418,0.439,0.11599999999999999,0.434,0.655,0.617,0.43700000000000006,0.41200000000000003,0.364,0.457,0.43700000000000006,0.29600000000000004,0.431,0.41600000000000004,0.182,0.149,0.013999999999999999,0.11599999999999999,0.205,0.107,0.02,0.021,0.018000000000000002,0.02,0.021,0.013999999999999999,0.005,0.003,0.016,0.006,0.002,M
21,0.066,0.057999999999999996,0.084,0.037000000000000005,0.046,0.077,0.077,0.113,0.235,0.184,0.287,0.413,0.365,0.198,0.284,0.40399999999999997,0.584,0.679,0.609,0.486,0.325,0.201,0.20800000000000002,0.16899999999999998,0.248,0.27399999999999997,0.298,0.466,0.6990000000000001,0.747,0.7959999999999999,0.7979999999999999,0.672,0.6940000000000001,0.7440000000000001,0.8170000000000001,0.8909999999999999,1.0,0.875,0.706,0.68,0.59,0.462,0.364,0.149,0.122,0.131,0.12,0.057999999999999996,0.024,0.013999999999999999,0.013999999999999999,0.019,0.004,0.004,0.003,0.002,0.016,0.011000000000000001,0.008,R
122,0.025,0.012,0.027999999999999997,0.076,0.122,0.154,0.11900000000000001,0.12300000000000001,0.212,0.253,0.28600000000000003,0.29600000000000004,0.33399999999999996,0.429,0.52,0.609,0.7240000000000001,0.758,0.773,0.81,0.9,0.925,0.9359999999999999,0.985,0.978,1.0,0.99,0.9079999999999999,0.731,0.5760000000000001,0.447,0.37200000000000005,0.20800000000000002,0.096,0.049,0.141,0.255,0.205,0.161,0.223,0.177,0.22899999999999998,0.252,0.146,0.067,0.096,0.149,0.113,0.046,0.019,0.013999999999999999,0.003,0.007,0.015,0.001,0.013000000000000001,0.005,0.024,0.008,0.007,M
170,0.013000000000000001,0.017,0.018000000000000002,0.036000000000000004,0.044000000000000004,0.07400000000000001,0.08,0.046,0.037000000000000005,0.125,0.24,0.23199999999999998,0.252,0.147,0.067,0.11,0.235,0.32799999999999996,0.442,0.517,0.6509999999999999,0.779,0.7979999999999999,0.779,0.8590000000000001,0.932,0.945,0.8640000000000001,0.722,0.485,0.136,0.295,0.47200000000000003,0.604,0.8079999999999999,0.987,0.88,0.6409999999999999,0.428,0.27,0.264,0.33399999999999996,0.434,0.45399999999999996,0.396,0.252,0.10800000000000001,0.037000000000000005,0.028999999999999998,0.01,0.005,0.009,0.005,0.005,0.002,0.001,0.004,0.002,0.003,0.004,M
84,0.038,0.032,0.042,0.035,0.179,0.16399999999999998,0.08900000000000001,0.08199999999999999,0.17800000000000002,0.205,0.314,0.312,0.369,0.38799999999999996,0.585,0.787,0.9740000000000001,1.0,0.9840000000000001,0.861,0.8440000000000001,0.9059999999999999,0.585,0.40299999999999997,0.595,0.679,0.639,0.5,0.5579999999999999,0.483,0.473,0.332,0.397,0.389,0.231,0.10400000000000001,0.131,0.086,0.257,0.318,0.265,0.271,0.171,0.057999999999999996,0.12300000000000001,0.22,0.22,0.107,0.042,0.016,0.009,0.005,0.004,0.008,0.01,0.006,0.006,0.006,0.004,0.005,R
102,0.059000000000000004,0.121,0.127,0.15,0.14400000000000002,0.055999999999999994,0.083,0.067,0.13699999999999998,0.235,0.321,0.426,0.52,0.491,0.595,0.722,0.904,0.9109999999999999,0.872,0.769,0.733,0.522,0.31,0.317,0.22699999999999998,0.16399999999999998,0.175,0.184,0.205,0.16699999999999998,0.27699999999999997,0.31,0.34,0.444,0.505,0.281,0.168,0.263,0.32,0.193,0.09300000000000001,0.044000000000000004,0.078,0.07200000000000001,0.04,0.055,0.10800000000000001,0.114,0.077,0.026000000000000002,0.022000000000000002,0.033,0.011000000000000001,0.009,0.016,0.012,0.004,0.01,0.023,0.012,M
163,0.007,0.003,0.009,0.006,0.042,0.086,0.11800000000000001,0.1,0.198,0.23199999999999998,0.247,0.28800000000000003,0.213,0.071,0.11900000000000001,0.281,0.42200000000000004,0.528,0.586,0.615,0.675,0.787,0.897,0.983,1.0,0.846,0.606,0.304,0.013999999999999999,0.253,0.434,0.49200000000000005,0.541,0.596,0.525,0.37799999999999995,0.237,0.172,0.188,0.325,0.258,0.242,0.271,0.23199999999999998,0.172,0.146,0.11800000000000001,0.087,0.039,0.013000000000000001,0.009,0.008,0.007,0.008,0.003,0.006,0.004,0.004,0.001,0.004,M
133,0.079,0.071,0.035,0.166,0.133,0.023,0.077,0.268,0.5660000000000001,0.6609999999999999,0.5,0.258,0.165,0.435,0.452,0.45799999999999996,0.337,0.4,0.532,0.9009999999999999,0.9940000000000001,0.369,0.10099999999999999,0.025,0.23199999999999998,0.39799999999999996,0.226,0.525,0.69,0.8320000000000001,0.433,0.374,0.5760000000000001,0.804,0.7959999999999999,0.7170000000000001,0.706,0.815,0.76,0.603,0.455,0.473,0.44799999999999995,0.37200000000000005,0.469,0.384,0.077,0.147,0.078,0.047,0.019,0.03,0.039,0.028999999999999998,0.018000000000000002,0.025,0.013999999999999999,0.007,0.002,0.01,M
95,0.028999999999999998,0.04,0.077,0.081,0.052000000000000005,0.105,0.013999999999999999,0.067,0.129,0.115,0.094,0.079,0.025,0.11900000000000001,0.10400000000000001,0.205,0.156,0.26899999999999996,0.37799999999999995,0.402,0.34700000000000003,0.14,0.121,0.28300000000000003,0.15,0.263,0.447,0.752,0.904,0.7809999999999999,0.47700000000000004,0.248,0.537,0.628,0.365,0.457,0.636,0.647,0.552,0.325,0.22899999999999998,0.065,0.0,0.0,0.0,0.0,0.0,0.0,0.0,0.0,0.0,0.006,0.024,0.02,0.005,0.013999999999999999,0.016,0.008,0.013999999999999999,0.011000000000000001,R
13,0.009,0.006,0.025,0.049,0.12,0.159,0.139,0.099,0.096,0.19,0.19,0.255,0.40700000000000003,0.299,0.29,0.5329999999999999,0.402,0.157,0.302,0.391,0.354,0.444,0.6409999999999999,0.46,0.601,0.8690000000000001,0.8340000000000001,0.767,0.508,0.462,0.5379999999999999,0.5379999999999999,0.384,0.36,0.74,0.7759999999999999,0.386,0.067,0.368,0.611,0.35100000000000003,0.231,0.22,0.305,0.19399999999999998,0.157,0.048,0.054000000000000006,0.015,0.007,0.019,0.006,0.01,0.019,0.008,0.015,0.016,0.005,0.019,0.01,R
19,0.013000000000000001,0.015,0.064,0.17300000000000001,0.256,0.256,0.295,0.41100000000000003,0.498,0.5920000000000001,0.583,0.542,0.547,0.531,0.498,0.698,0.8290000000000001,0.784,0.8220000000000001,0.9359999999999999,1.0,0.922,0.784,0.547,0.456,0.5920000000000001,0.545,0.397,0.08800000000000001,0.23800000000000002,0.2,0.059000000000000004,0.254,0.201,0.033,0.155,0.121,0.245,0.317,0.32,0.305,0.084,0.127,0.138,0.114,0.052000000000000005,0.007,0.027999999999999997,0.037000000000000005,0.012,0.015,0.009,0.004,0.01,0.012,0.001,0.018000000000000002,0.009,0.012,0.006,R
127,0.021,0.026000000000000002,0.012,0.077,0.106,0.168,0.302,0.34600000000000003,0.331,0.41200000000000003,0.39399999999999996,0.133,0.462,0.997,0.914,0.8290000000000001,0.6990000000000001,0.782,0.879,0.85,0.892,0.9470000000000001,1.0,0.898,0.7809999999999999,0.8320000000000001,0.65,0.455,0.473,0.33899999999999997,0.275,0.098,0.048,0.14,0.183,0.215,0.127,0.191,0.33899999999999997,0.344,0.237,0.12,0.266,0.259,0.139,0.10800000000000001,0.138,0.132,0.107,0.032,0.032,0.006,0.016,0.008,0.037000000000000005,0.01,0.013000000000000001,0.028999999999999998,0.013000000000000001,0.002,M
58,0.022000000000000002,0.002,0.008,0.01,0.044000000000000004,0.091,0.08900000000000001,0.066,0.162,0.145,0.14400000000000002,0.095,0.062,0.16399999999999998,0.071,0.084,0.259,0.268,0.309,0.46799999999999997,0.596,0.7240000000000001,0.877,0.9209999999999999,0.9279999999999999,0.9940000000000001,1.0,0.907,0.8540000000000001,0.7290000000000001,0.65,0.607,0.5589999999999999,0.597,0.628,0.546,0.479,0.396,0.209,0.165,0.184,0.065,0.076,0.049,0.035,0.03,0.024,0.038,0.012,0.007,0.005,0.003,0.013000000000000001,0.01,0.004,0.006,0.003,0.004,0.002,0.003,R
16,0.035,0.012,0.019,0.047,0.07400000000000001,0.11800000000000001,0.168,0.154,0.147,0.29100000000000004,0.233,0.22399999999999998,0.247,0.156,0.349,0.331,0.23,0.22,0.249,0.413,0.316,0.619,0.585,0.34,0.256,0.56,0.8140000000000001,0.6940000000000001,0.698,0.866,0.593,0.366,0.675,0.87,0.784,0.755,0.579,0.47100000000000003,0.125,0.609,0.732,0.598,0.34299999999999997,0.18,0.23800000000000002,0.342,0.23,0.069,0.022000000000000002,0.047,0.043,0.035,0.016,0.015,0.011000000000000001,0.005,0.01,0.002,0.007,0.007,R
151,0.023,0.032,0.017,0.023,0.040999999999999995,0.012,0.022000000000000002,0.08,0.23600000000000002,0.24600000000000002,0.22399999999999998,0.152,0.17300000000000001,0.31,0.43799999999999994,0.56,0.682,0.616,0.68,0.8440000000000001,0.992,1.0,0.7979999999999999,0.5429999999999999,0.395,0.518,0.565,0.304,0.188,0.396,0.22899999999999998,0.354,0.419,0.24,0.185,0.376,0.433,0.363,0.252,0.187,0.105,0.23399999999999999,0.19899999999999998,0.11,0.068,0.03,0.067,0.078,0.046,0.025,0.015,0.012,0.004,0.012,0.004,0.011000000000000001,0.005,0.009,0.001,0.009,M
67,0.037000000000000005,0.04,0.032,0.028999999999999998,0.08199999999999999,0.134,0.11599999999999999,0.066,0.016,0.051,0.091,0.254,0.146,0.127,0.122,0.16699999999999998,0.142,0.128,0.18600000000000003,0.114,0.207,0.022000000000000002,0.24,0.255,0.024,0.192,0.475,0.7,0.682,0.644,0.706,0.537,0.66,0.871,0.9520000000000001,0.96,0.7709999999999999,0.677,0.643,0.672,0.604,0.516,0.38,0.228,0.152,0.08,0.08,0.075,0.057,0.018000000000000002,0.006,0.009,0.016,0.016,0.008,0.007,0.013999999999999999,0.007,0.008,0.007,R
34,0.031,0.049,0.069,0.083,0.008,0.02,0.098,0.102,0.20199999999999999,0.077,0.177,0.256,0.281,0.272,0.32299999999999995,0.34600000000000003,0.54,0.7909999999999999,0.9059999999999999,0.87,0.767,0.29600000000000004,0.415,0.604,0.318,0.348,0.616,0.805,0.629,0.5,0.583,0.6659999999999999,0.41200000000000003,0.126,0.249,0.46799999999999997,0.5379999999999999,0.315,0.214,0.185,0.168,0.233,0.102,0.071,0.062,0.078,0.076,0.084,0.059000000000000004,0.007,0.009,0.009,0.003,0.013000000000000001,0.019,0.01,0.023,0.018000000000000002,0.005,0.004,R
119,0.026000000000000002,0.027000000000000003,0.022000000000000002,0.075,0.136,0.151,0.132,0.165,0.18600000000000003,0.201,0.289,0.365,0.35100000000000003,0.35,0.43200000000000005,0.54,0.624,0.688,0.733,0.8109999999999999,0.84,0.863,0.875,0.961,0.972,0.912,0.858,0.88,0.772,0.5710000000000001,0.426,0.28600000000000003,0.311,0.207,0.11599999999999999,0.018000000000000002,0.13,0.248,0.16399999999999998,0.11,0.214,0.203,0.18899999999999997,0.13699999999999998,0.138,0.031,0.037000000000000005,0.061,0.04,0.017,0.013999999999999999,0.022000000000000002,0.018000000000000002,0.013000000000000001,0.002,0.012,0.005,0.002,0.003,0.002,M
120,0.035,0.051,0.008,0.024,0.043,0.07400000000000001,0.094,0.113,0.12300000000000001,0.151,0.18100000000000002,0.239,0.295,0.287,0.401,0.532,0.5489999999999999,0.5820000000000001,0.604,0.675,0.708,0.789,0.9279999999999999,0.978,0.9740000000000001,1.0,0.97,0.996,0.8240000000000001,0.602,0.534,0.48700000000000004,0.353,0.157,0.095,0.161,0.282,0.33899999999999997,0.302,0.294,0.298,0.268,0.20600000000000002,0.207,0.162,0.122,0.10099999999999999,0.07400000000000001,0.039,0.005,0.015,0.004,0.012,0.011000000000000001,0.011000000000000001,0.01,0.005,0.002,0.008,0.003,M
26,0.015,0.032,0.06,0.105,0.11599999999999999,0.17300000000000001,0.168,0.11199999999999999,0.08900000000000001,0.12,0.085,0.152,0.23,0.27899999999999997,0.34,0.45299999999999996,0.695,0.8809999999999999,0.915,0.754,0.674,0.715,0.8340000000000001,0.77,0.6990000000000001,0.654,0.504,0.493,0.499,0.41600000000000004,0.163,0.04,0.064,0.29600000000000004,0.361,0.187,0.048,0.15,0.24,0.198,0.318,0.23800000000000002,0.172,0.156,0.156,0.042,0.049,0.048,0.022000000000000002,0.006,0.009,0.006,0.002,0.008,0.013000000000000001,0.005,0.001,0.002,0.002,0.006,R
141,0.071,0.125,0.145,0.16399999999999998,0.16899999999999998,0.084,0.07200000000000001,0.095,0.158,0.125,0.23399999999999999,0.17600000000000002,0.228,0.312,0.47200000000000003,0.5539999999999999,0.539,0.375,0.45799999999999996,0.596,0.746,0.764,0.5710000000000001,0.626,0.67,0.713,0.757,0.8079999999999999,0.848,0.929,0.951,0.8,0.436,0.405,0.495,0.171,0.365,0.376,0.284,0.043,0.5329999999999999,0.695,0.429,0.306,0.584,0.569,0.263,0.12,0.098,0.037000000000000005,0.028999999999999998,0.016,0.02,0.013999999999999999,0.013000000000000001,0.013999999999999999,0.013000000000000001,0.013000000000000001,0.015,0.022000000000000002,M
2,0.026000000000000002,0.057999999999999996,0.11,0.10800000000000001,0.09699999999999999,0.228,0.243,0.377,0.56,0.619,0.633,0.706,0.5539999999999999,0.532,0.648,0.693,0.6759999999999999,0.755,0.893,0.862,0.797,0.674,0.429,0.365,0.5329999999999999,0.24100000000000002,0.507,0.853,0.604,0.851,0.851,0.504,0.18600000000000003,0.271,0.423,0.304,0.612,0.6759999999999999,0.5379999999999999,0.47200000000000003,0.465,0.259,0.213,0.222,0.21100000000000002,0.018000000000000002,0.135,0.07400000000000001,0.013000000000000001,0.011000000000000001,0.003,0.023,0.017,0.01,0.018000000000000002,0.024,0.032,0.016,0.01,0.008,R
165,0.022000000000000002,0.006,0.016,0.049,0.052000000000000005,0.085,0.081,0.183,0.223,0.18100000000000002,0.255,0.298,0.262,0.18899999999999997,0.067,0.267,0.42700000000000005,0.629,0.778,0.769,0.81,0.8490000000000001,0.9440000000000001,0.945,0.966,0.804,0.49700000000000005,0.396,0.386,0.557,0.731,0.855,0.9420000000000001,0.873,0.667,0.469,0.155,0.175,0.361,0.521,0.518,0.37,0.22399999999999998,0.08199999999999999,0.04,0.078,0.105,0.10300000000000001,0.076,0.022000000000000002,0.017,0.009,0.005,0.002,0.008,0.006,0.002,0.007,0.007,0.004,M
153,0.023,0.039,0.042,0.055,0.099,0.152,0.16699999999999998,0.151,0.172,0.20800000000000002,0.124,0.024,0.177,0.312,0.499,0.6709999999999999,0.7659999999999999,0.848,0.98,1.0,1.0,0.9990000000000001,0.907,0.68,0.51,0.47200000000000003,0.498,0.62,0.7170000000000001,0.632,0.355,0.29,0.43200000000000005,0.379,0.242,0.094,0.035,0.084,0.044000000000000004,0.113,0.204,0.19399999999999998,0.083,0.15,0.168,0.106,0.111,0.085,0.06,0.02,0.007,0.01,0.006,0.003,0.002,0.006,0.004,0.01,0.008,0.001,M
98,0.131,0.23399999999999999,0.306,0.426,0.401,0.179,0.185,0.006,0.193,0.223,0.29100000000000004,0.226,0.314,0.33,0.366,0.396,0.439,0.467,0.526,0.374,0.22399999999999998,0.19699999999999998,0.434,0.653,0.507,0.28,0.41600000000000004,0.595,0.524,0.418,0.371,0.23800000000000002,0.086,0.14400000000000002,0.29,0.45799999999999996,0.37200000000000005,0.337,0.38,0.418,0.36,0.271,0.165,0.195,0.281,0.225,0.192,0.15,0.066,0.019,0.016,0.036000000000000004,0.021,0.015,0.018000000000000002,0.001,0.011000000000000001,0.013000000000000001,0.018000000000000002,0.023,M
17,0.019,0.061,0.038,0.077,0.139,0.081,0.057,0.022000000000000002,0.10400000000000001,0.11900000000000001,0.124,0.16,0.35200000000000004,0.44799999999999995,0.377,0.5760000000000001,0.643,0.679,0.716,0.547,0.54,0.636,0.785,0.7759999999999999,0.578,0.486,0.418,0.24600000000000002,0.07200000000000001,0.061,0.182,0.449,0.598,0.37799999999999995,0.25,0.5770000000000001,0.885,0.841,0.35700000000000004,0.313,0.61,0.638,0.271,0.142,0.126,0.129,0.079,0.083,0.052000000000000005,0.022000000000000002,0.036000000000000004,0.033,0.013000000000000001,0.012,0.011000000000000001,0.002,0.004,0.004,0.011000000000000001,0.008,R
182,0.01,0.031,0.054000000000000006,0.040999999999999995,0.061,0.10400000000000001,0.102,0.139,0.259,0.374,0.423,0.45,0.54,0.43,0.33299999999999996,0.35,0.34299999999999997,0.285,0.406,0.6829999999999999,0.765,0.667,0.57,0.6,0.648,0.861,0.982,0.938,0.8440000000000001,0.607,0.54,0.6890000000000001,0.598,0.324,0.052000000000000005,0.316,0.359,0.38799999999999996,0.5720000000000001,0.431,0.305,0.439,0.43,0.483,0.508,0.195,0.154,0.204,0.105,0.025,0.036000000000000004,0.018000000000000002,0.002,0.01,0.013000000000000001,0.004,0.004,0.003,0.003,0.003,M
9,0.016,0.017,0.035,0.007,0.019,0.067,0.106,0.07,0.096,0.025,0.08,0.106,0.127,0.08900000000000001,0.02,0.113,0.28300000000000003,0.32299999999999995,0.324,0.433,0.607,0.765,0.92,0.972,0.9209999999999999,0.754,0.8290000000000001,0.8909999999999999,0.731,0.69,0.583,0.494,0.31,0.031,0.024,0.111,0.159,0.13699999999999998,0.07,0.045,0.062,0.142,0.16,0.138,0.037000000000000005,0.069,0.087,0.051,0.009,0.02,0.012,0.009,0.022000000000000002,0.018000000000000002,0.008,0.007,0.003,0.004,0.006,0.004,R
8,0.022000000000000002,0.038,0.048,0.048,0.065,0.059000000000000004,0.075,0.01,0.068,0.149,0.11599999999999999,0.165,0.38299999999999995,0.36,0.171,0.114,0.035,0.38,0.74,0.992,0.98,0.889,0.6709999999999999,0.429,0.337,0.737,0.961,0.735,0.486,0.159,0.301,0.41,0.317,0.33,0.341,0.21899999999999997,0.24600000000000002,0.273,0.168,0.27899999999999997,0.256,0.174,0.212,0.11,0.098,0.127,0.146,0.11599999999999999,0.078,0.044000000000000004,0.006,0.013999999999999999,0.013000000000000001,0.013999999999999999,0.006,0.005,0.006,0.009,0.006,0.002,R
194,0.039,0.011000000000000001,0.027000000000000003,0.026000000000000002,0.040999999999999995,0.049,0.105,0.16899999999999998,0.21,0.247,0.268,0.305,0.28600000000000003,0.22899999999999998,0.11599999999999999,0.213,0.20600000000000002,0.222,0.324,0.433,0.507,0.594,0.708,0.764,0.888,0.971,0.988,0.981,0.946,0.8540000000000001,0.6459999999999999,0.34,0.38299999999999995,0.32,0.133,0.044000000000000004,0.12300000000000001,0.203,0.165,0.10400000000000001,0.107,0.21100000000000002,0.242,0.163,0.077,0.07200000000000001,0.091,0.081,0.05,0.01,0.009,0.008,0.008,0.003,0.008,0.004,0.007,0.004,0.002,0.001,M
157,0.02,0.018000000000000002,0.027000000000000003,0.023,0.07200000000000001,0.083,0.12300000000000001,0.13,0.20800000000000002,0.272,0.21899999999999997,0.304,0.29600000000000004,0.20600000000000002,0.091,0.161,0.18,0.218,0.203,0.151,0.052000000000000005,0.214,0.433,0.594,0.693,0.758,0.879,0.9059999999999999,0.853,0.909,0.966,0.9309999999999999,0.777,0.664,0.66,0.688,0.6940000000000001,0.593,0.5770000000000001,0.622,0.584,0.45299999999999996,0.491,0.5760000000000001,0.501,0.40399999999999997,0.312,0.223,0.10800000000000001,0.040999999999999995,0.025,0.013000000000000001,0.005,0.01,0.01,0.009,0.008,0.002,0.005,0.004,M
47,0.037000000000000005,0.027999999999999997,0.023,0.022000000000000002,0.018000000000000002,0.073,0.084,0.10300000000000001,0.099,0.08,0.156,0.256,0.262,0.11800000000000001,0.06,0.156,0.22399999999999998,0.359,0.179,0.326,0.608,0.6990000000000001,0.8390000000000001,0.855,0.7709999999999999,0.622,0.574,0.44,0.406,0.441,0.513,0.596,0.727,0.654,0.59,0.539,0.49,0.408,0.414,0.6,0.72,0.6629999999999999,0.629,0.409,0.321,0.252,0.14800000000000002,0.099,0.032,0.027000000000000003,0.007,0.001,0.004,0.002,0.001,0.007,0.01,0.005,0.008,0.006,R
173,0.033,0.022000000000000002,0.039,0.063,0.11599999999999999,0.14800000000000002,0.205,0.16,0.253,0.267,0.306,0.316,0.231,0.207,0.18,0.281,0.442,0.595,0.66,0.584,0.45399999999999996,0.479,0.565,0.528,0.7120000000000001,1.0,0.956,0.609,0.511,0.4,0.048,0.185,0.21899999999999997,0.14400000000000002,0.17600000000000002,0.14300000000000002,0.16399999999999998,0.309,0.365,0.444,0.386,0.281,0.124,0.095,0.12,0.08199999999999999,0.062,0.013999999999999999,0.011000000000000001,0.012,0.01,0.01,0.015,0.006,0.002,0.005,0.002,0.004,0.005,0.007,M
152,0.013000000000000001,0.02,0.004,0.022000000000000002,0.023,0.048,0.07400000000000001,0.033,0.13699999999999998,0.20800000000000002,0.23,0.19899999999999998,0.11800000000000001,0.18899999999999997,0.295,0.534,0.685,0.792,0.8220000000000001,0.7290000000000001,0.735,0.792,0.8059999999999999,0.49,0.193,0.292,0.626,0.855,0.897,0.782,0.517,0.484,0.40399999999999997,0.341,0.285,0.235,0.27,0.444,0.43200000000000005,0.331,0.12,0.16699999999999998,0.37,0.307,0.094,0.154,0.139,0.077,0.062,0.023,0.011000000000000001,0.017,0.009,0.004,0.006,0.006,0.003,0.007,0.003,0.005,M
144,0.03,0.069,0.099,0.102,0.08,0.063,0.013000000000000001,0.081,0.17600000000000002,0.1,0.052000000000000005,0.09,0.266,0.31,0.35200000000000004,0.389,0.396,0.245,0.23600000000000002,0.304,0.311,0.47,0.5529999999999999,0.45299999999999996,0.446,0.467,0.462,0.6990000000000001,0.763,0.7020000000000001,0.738,0.745,0.7929999999999999,0.523,0.397,0.304,0.131,0.24100000000000002,0.17800000000000002,0.16,0.5660000000000001,0.644,0.424,0.457,0.5760000000000001,0.529,0.32899999999999996,0.128,0.07,0.033,0.034,0.046,0.027999999999999997,0.017,0.009,0.005,0.02,0.013000000000000001,0.012,0.002,M
103,0.016,0.025,0.026000000000000002,0.039,0.064,0.047,0.106,0.139,0.06,0.133,0.297,0.475,0.568,0.569,0.642,0.7490000000000001,0.9,1.0,0.9690000000000001,0.903,0.768,0.7,0.664,0.596,0.371,0.092,0.048,0.08800000000000001,0.10400000000000001,0.171,0.326,0.461,0.39399999999999996,0.505,0.483,0.35100000000000003,0.23199999999999998,0.40299999999999997,0.368,0.151,0.07400000000000001,0.14,0.155,0.038,0.064,0.044000000000000004,0.026000000000000002,0.022000000000000002,0.019,0.008,0.013999999999999999,0.007,0.008,0.023,0.02,0.007,0.004,0.01,0.005,0.002,M
117,0.023,0.011000000000000001,0.013000000000000001,0.084,0.11199999999999999,0.151,0.17800000000000002,0.1,0.14300000000000002,0.223,0.262,0.311,0.28600000000000003,0.332,0.376,0.45,0.47600000000000003,0.625,0.73,0.87,0.935,0.961,0.9129999999999999,0.9440000000000001,1.0,0.946,0.882,0.752,0.7070000000000001,0.599,0.386,0.251,0.21600000000000003,0.09699999999999999,0.132,0.134,0.225,0.324,0.39399999999999996,0.381,0.326,0.365,0.298,0.17800000000000002,0.154,0.12,0.096,0.076,0.065,0.031,0.018000000000000002,0.01,0.018000000000000002,0.008,0.007,0.01,0.006,0.004,0.006,0.004,M
10,0.004,0.006,0.015,0.034,0.031,0.027999999999999997,0.04,0.027000000000000003,0.032,0.045,0.049,0.1,0.142,0.11900000000000001,0.063,0.091,0.11800000000000001,0.14300000000000002,0.122,0.11,0.185,0.37200000000000005,0.43799999999999994,0.5710000000000001,0.665,0.748,0.765,0.856,0.972,0.922,0.75,0.721,0.7759999999999999,0.606,0.502,0.45,0.395,0.428,0.44299999999999995,0.375,0.19699999999999998,0.051,0.079,0.127,0.153,0.069,0.04,0.053,0.023,0.007,0.006,0.006,0.012,0.005,0.006,0.009,0.004,0.0,0.005,0.004,R
126,0.07200000000000001,0.085,0.059000000000000004,0.022000000000000002,0.086,0.18,0.192,0.19,0.29600000000000004,0.419,0.48700000000000004,0.525,0.596,0.6859999999999999,0.857,0.972,0.8690000000000001,0.871,0.895,0.992,0.898,0.816,0.8370000000000001,0.754,0.589,0.5489999999999999,0.564,0.541,0.478,0.444,0.37,0.257,0.14800000000000002,0.174,0.12300000000000001,0.159,0.18,0.14400000000000002,0.16699999999999998,0.263,0.223,0.124,0.087,0.209,0.15,0.068,0.09,0.09300000000000001,0.066,0.009,0.022000000000000002,0.015,0.012,0.01,0.02,0.004,0.007,0.01,0.008,0.012,M
18,0.027000000000000003,0.009,0.013999999999999999,0.027999999999999997,0.040999999999999995,0.076,0.10300000000000001,0.114,0.079,0.152,0.168,0.13699999999999998,0.136,0.134,0.214,0.535,0.6829999999999999,0.56,0.309,0.32299999999999995,0.44299999999999995,0.557,0.578,0.617,0.813,0.982,0.982,0.917,0.742,0.774,0.847,0.735,0.667,0.608,0.624,0.597,0.5720000000000001,0.524,0.292,0.154,0.2,0.203,0.221,0.17800000000000002,0.135,0.13699999999999998,0.075,0.047,0.032,0.018000000000000002,0.004,0.008,0.001,0.002,0.007,0.004,0.012,0.013000000000000001,0.007,0.009,R
66,0.026000000000000002,0.044000000000000004,0.013999999999999999,0.008,0.03,0.044000000000000004,0.034,0.078,0.084,0.078,0.033,0.20600000000000002,0.191,0.106,0.146,0.223,0.207,0.11,0.10800000000000001,0.11599999999999999,0.222,0.069,0.20600000000000002,0.23800000000000002,0.09,0.228,0.5870000000000001,0.846,0.847,0.768,0.8059999999999999,0.626,0.654,0.875,0.988,0.935,0.696,0.573,0.5870000000000001,0.6659999999999999,0.565,0.525,0.368,0.2,0.151,0.051,0.09300000000000001,0.098,0.052000000000000005,0.019,0.01,0.004,0.019,0.016,0.007,0.01,0.007,0.008,0.009,0.01,R
5,0.028999999999999998,0.045,0.027999999999999997,0.017,0.038,0.099,0.12,0.183,0.21,0.304,0.299,0.425,0.634,0.82,1.0,0.9990000000000001,0.951,0.902,0.723,0.512,0.207,0.39799999999999996,0.589,0.287,0.204,0.578,0.539,0.375,0.341,0.507,0.5579999999999999,0.478,0.33,0.22,0.141,0.28600000000000003,0.381,0.41600000000000004,0.405,0.33,0.271,0.265,0.07200000000000001,0.124,0.11900000000000001,0.109,0.062,0.049,0.026000000000000002,0.008,0.01,0.004,0.001,0.004,0.001,0.009,0.006,0.003,0.005,0.006,R
46,0.031,0.034,0.02,0.08900000000000001,0.157,0.175,0.092,0.135,0.159,0.28,0.33399999999999996,0.294,0.161,0.33399999999999996,0.498,0.73,0.735,0.825,0.879,0.966,1.0,0.871,0.647,0.597,0.8220000000000001,0.7759999999999999,0.611,0.42,0.299,0.135,0.244,0.562,0.556,0.696,0.73,0.7020000000000001,0.547,0.142,0.474,0.6409999999999999,0.43799999999999994,0.318,0.23800000000000002,0.281,0.13699999999999998,0.114,0.10300000000000001,0.069,0.042,0.012,0.007,0.017,0.013000000000000001,0.013999999999999999,0.009,0.005,0.003,0.012,0.006,0.002,R
177,0.02,0.016,0.034,0.033,0.04,0.044000000000000004,0.068,0.09,0.174,0.257,0.293,0.311,0.36,0.3,0.272,0.201,0.18,0.223,0.35700000000000004,0.5489999999999999,0.721,0.8320000000000001,0.8859999999999999,0.9520000000000001,0.9640000000000001,1.0,0.9670000000000001,0.866,0.79,0.634,0.535,0.406,0.256,0.289,0.359,0.43,0.47700000000000004,0.452,0.376,0.305,0.192,0.11800000000000001,0.198,0.157,0.066,0.129,0.08,0.005,0.023,0.015,0.012,0.005,0.006,0.013999999999999999,0.011000000000000001,0.004,0.006,0.01,0.008,0.004,M
28,0.01,0.027999999999999997,0.019,0.037000000000000005,0.042,0.02,0.031,0.065,0.19,0.267,0.33799999999999997,0.32799999999999996,0.243,0.127,0.128,0.444,0.68,0.705,0.797,0.94,0.986,0.8190000000000001,0.579,0.639,0.7040000000000001,0.688,0.408,0.18100000000000002,0.20600000000000002,0.392,0.379,0.204,0.223,0.33399999999999996,0.39799999999999996,0.508,0.5529999999999999,0.335,0.272,0.228,0.204,0.19899999999999998,0.084,0.091,0.138,0.195,0.121,0.084,0.059000000000000004,0.025,0.012,0.009,0.01,0.004,0.009,0.005,0.012,0.002,0.009,0.006,R
201,0.034,0.026000000000000002,0.04,0.057,0.053,0.109,0.171,0.168,0.18600000000000003,0.266,0.319,0.355,0.312,0.196,0.17800000000000002,0.27899999999999997,0.287,0.397,0.56,0.6940000000000001,0.797,0.745,0.82,0.9259999999999999,0.8809999999999999,0.8809999999999999,0.93,0.996,0.858,0.607,0.39299999999999996,0.24600000000000002,0.16399999999999998,0.114,0.096,0.008,0.07,0.094,0.08900000000000001,0.113,0.087,0.102,0.196,0.226,0.18100000000000002,0.201,0.16899999999999998,0.10400000000000001,0.05,0.013999999999999999,0.013000000000000001,0.012,0.004,0.005,0.006,0.005,0.004,0.002,0.0,0.003,M
203,0.019,0.035,0.017,0.018000000000000002,0.039,0.163,0.203,0.16899999999999998,0.233,0.268,0.311,0.293,0.228,0.099,0.18,0.22,0.273,0.28600000000000003,0.203,0.174,0.413,0.688,0.812,0.845,0.892,0.93,0.9990000000000001,1.0,0.81,0.62,0.604,0.555,0.41600000000000004,0.147,0.085,0.061,0.09699999999999999,0.141,0.168,0.12,0.12,0.10400000000000001,0.198,0.134,0.09,0.10800000000000001,0.152,0.136,0.086,0.028999999999999998,0.02,0.012,0.01,0.02,0.003,0.01,0.006,0.012,0.019,0.016,M
181,0.042,0.032,0.071,0.011000000000000001,0.107,0.09699999999999999,0.096,0.132,0.24600000000000002,0.27,0.341,0.429,0.368,0.39399999999999996,0.29600000000000004,0.317,0.282,0.305,0.24100000000000002,0.542,0.68,0.632,0.5820000000000001,0.68,0.598,0.841,0.991,0.919,0.8,0.6709999999999999,0.563,0.733,0.604,0.258,0.035,0.18,0.304,0.47600000000000003,0.5760000000000001,0.425,0.505,0.718,0.616,0.5660000000000001,0.575,0.359,0.253,0.23,0.127,0.036000000000000004,0.037000000000000005,0.018000000000000002,0.004,0.009,0.012,0.008,0.006,0.002,0.004,0.002,M
36,0.009,0.017,0.04,0.036000000000000004,0.068,0.071,0.102,0.08900000000000001,0.038,0.133,0.13,0.027000000000000003,0.064,0.071,0.12,0.07200000000000001,0.122,0.235,0.368,0.392,0.49200000000000005,0.879,0.961,0.879,0.69,0.6940000000000001,0.5670000000000001,0.654,0.78,0.758,0.584,0.632,0.8109999999999999,0.904,0.865,0.67,0.40299999999999997,0.237,0.268,0.366,0.327,0.22,0.3,0.22,0.11599999999999999,0.064,0.046,0.042,0.017,0.017,0.013000000000000001,0.013999999999999999,0.019,0.013999999999999999,0.006,0.013000000000000001,0.022000000000000002,0.009,0.008,0.012,R
112,0.045,0.047,0.07,0.102,0.14,0.149,0.149,0.077,0.11699999999999999,0.168,0.28,0.332,0.401,0.43,0.535,0.541,0.687,0.804,0.919,0.917,1.0,0.997,0.909,0.792,0.67,0.532,0.35700000000000004,0.248,0.316,0.37799999999999995,0.314,0.171,0.294,0.523,0.593,0.544,0.452,0.33799999999999997,0.322,0.218,0.16699999999999998,0.263,0.298,0.204,0.11599999999999999,0.092,0.08800000000000001,0.023,0.038,0.013999999999999999,0.013999999999999999,0.012,0.004,0.024,0.013000000000000001,0.008,0.022000000000000002,0.032,0.015,0.005,M
108,0.06,0.047,0.05,0.039,0.10300000000000001,0.077,0.085,0.045,0.109,0.035,0.158,0.20199999999999999,0.22699999999999998,0.28300000000000003,0.382,0.466,0.669,0.865,0.9359999999999999,0.937,0.914,0.9159999999999999,0.9309999999999999,0.86,0.733,0.5760000000000001,0.41600000000000004,0.41100000000000003,0.415,0.315,0.294,0.317,0.315,0.413,0.39899999999999997,0.42,0.45299999999999996,0.442,0.474,0.34299999999999997,0.319,0.337,0.249,0.265,0.175,0.09300000000000001,0.053,0.008,0.034,0.013999999999999999,0.003,0.001,0.0,0.023,0.021,0.008,0.012,0.011000000000000001,0.011000000000000001,0.01,M
123,0.027000000000000003,0.016,0.034,0.025,0.08199999999999999,0.126,0.132,0.158,0.20199999999999999,0.212,0.221,0.24,0.29600000000000004,0.406,0.51,0.551,0.6609999999999999,0.68,0.652,0.679,0.7809999999999999,0.8370000000000001,0.897,0.986,1.0,0.94,0.892,0.81,0.6829999999999999,0.557,0.43,0.33399999999999996,0.204,0.08,0.081,0.152,0.263,0.24600000000000002,0.198,0.24100000000000002,0.24100000000000002,0.19,0.20800000000000002,0.177,0.11199999999999999,0.078,0.134,0.096,0.06,0.033,0.02,0.019,0.02,0.008,0.004,0.009,0.013999999999999999,0.009,0.01,0.009,M
162,0.022000000000000002,0.015,0.035,0.035,0.048,0.053,0.077,0.086,0.145,0.21100000000000002,0.23399999999999999,0.209,0.16399999999999998,0.16899999999999998,0.165,0.19699999999999998,0.293,0.371,0.431,0.41600000000000004,0.512,0.65,0.772,0.8490000000000001,0.91,0.8909999999999999,0.8190000000000001,0.6779999999999999,0.537,0.521,0.565,0.575,0.525,0.426,0.33299999999999996,0.233,0.145,0.165,0.26899999999999996,0.373,0.447,0.413,0.374,0.302,0.207,0.179,0.16899999999999998,0.134,0.077,0.022000000000000002,0.02,0.012,0.007,0.001,0.003,0.005,0.003,0.002,0.002,0.003,M
184,0.027000000000000003,0.038,0.05,0.071,0.131,0.21,0.226,0.252,0.36,0.5920000000000001,0.6679999999999999,0.568,0.518,0.33299999999999996,0.2,0.28600000000000003,0.294,0.342,0.595,0.753,0.8959999999999999,0.815,0.711,0.738,0.72,0.825,0.892,0.982,0.818,0.485,0.32,0.278,0.23800000000000002,0.29100000000000004,0.168,0.316,0.187,0.33899999999999997,0.599,0.41200000000000003,0.11800000000000001,0.365,0.466,0.478,0.35200000000000004,0.092,0.12300000000000001,0.17800000000000002,0.10800000000000001,0.03,0.035,0.017,0.02,0.013999999999999999,0.008,0.004,0.004,0.003,0.006,0.006,M
51,0.013000000000000001,0.007,0.031,0.031,0.008,0.077,0.077,0.064,0.073,0.09,0.075,0.084,0.12300000000000001,0.162,0.23199999999999998,0.293,0.353,0.366,0.322,0.309,0.408,0.428,0.466,0.596,0.695,0.8390000000000001,0.888,0.64,0.331,0.342,0.49200000000000005,0.45899999999999996,0.303,0.43700000000000006,0.518,0.512,0.475,0.49,0.46,0.446,0.42,0.287,0.23,0.095,0.01,0.053,0.038,0.011000000000000001,0.011000000000000001,0.008,0.011000000000000001,0.006,0.003,0.004,0.008,0.004,0.005,0.001,0.005,0.002,R
183,0.01,0.04,0.068,0.069,0.08900000000000001,0.09300000000000001,0.096,0.214,0.255,0.295,0.402,0.515,0.49,0.413,0.358,0.345,0.307,0.294,0.435,0.726,0.815,0.81,0.6659999999999999,0.696,0.775,0.8690000000000001,1.0,0.9940000000000001,0.879,0.648,0.588,0.6409999999999999,0.49700000000000005,0.276,0.03,0.336,0.317,0.413,0.628,0.498,0.261,0.47,0.48100000000000004,0.49200000000000005,0.529,0.222,0.14,0.18899999999999997,0.095,0.013000000000000001,0.031,0.024,0.008,0.013999999999999999,0.017,0.001,0.011000000000000001,0.004,0.004,0.002,M
180,0.031,0.022000000000000002,0.043,0.019,0.096,0.183,0.111,0.17,0.28,0.44299999999999995,0.522,0.561,0.5379999999999999,0.405,0.22399999999999998,0.17800000000000002,0.23,0.272,0.521,0.69,0.82,0.878,0.76,0.762,0.715,0.7290000000000001,0.8690000000000001,0.951,0.835,0.573,0.436,0.429,0.424,0.316,0.129,0.14800000000000002,0.20600000000000002,0.24,0.517,0.517,0.149,0.24100000000000002,0.342,0.449,0.462,0.2,0.078,0.12300000000000001,0.078,0.009,0.025,0.02,0.006,0.005,0.008,0.004,0.002,0.006,0.007,0.005,M
31,0.008,0.015,0.028999999999999998,0.043,0.095,0.075,0.040999999999999995,0.026000000000000002,0.069,0.175,0.19699999999999998,0.11699999999999999,0.168,0.081,0.218,0.512,0.723,0.778,0.622,0.35,0.373,0.262,0.37799999999999995,0.736,0.867,0.8220000000000001,0.777,0.7859999999999999,0.565,0.364,0.353,0.386,0.337,0.16899999999999998,0.263,0.32,0.139,0.105,0.168,0.191,0.11699999999999999,0.09300000000000001,0.086,0.095,0.099,0.096,0.043,0.040999999999999995,0.011000000000000001,0.018000000000000002,0.006,0.024,0.011000000000000001,0.013999999999999999,0.012,0.006,0.006,0.003,0.007,0.004,R
191,0.032,0.025,0.017,0.048,0.09,0.106,0.102,0.121,0.124,0.153,0.213,0.254,0.26899999999999996,0.28,0.18899999999999997,0.14800000000000002,0.21600000000000003,0.242,0.299,0.33399999999999996,0.379,0.396,0.523,0.691,0.787,0.8340000000000001,0.92,1.0,0.899,0.6459999999999999,0.597,0.436,0.3,0.22899999999999998,0.187,0.092,0.183,0.174,0.245,0.24100000000000002,0.252,0.318,0.168,0.068,0.11900000000000001,0.183,0.188,0.111,0.031,0.013999999999999999,0.013999999999999999,0.011000000000000001,0.006,0.004,0.007,0.001,0.005,0.004,0.0,0.006,M
14,0.012,0.043,0.06,0.045,0.06,0.036000000000000004,0.053,0.034,0.105,0.212,0.16399999999999998,0.19,0.303,0.20199999999999999,0.059000000000000004,0.239,0.366,0.381,0.593,0.63,0.58,0.457,0.445,0.369,0.645,0.894,0.898,0.498,0.33299999999999996,0.235,0.155,0.36700000000000005,0.434,0.308,0.302,0.41100000000000003,0.55,0.413,0.55,0.502,0.313,0.28,0.235,0.23,0.11599999999999999,0.07200000000000001,0.062,0.032,0.045,0.017,0.008,0.008,0.006,0.017,0.019,0.005,0.011000000000000001,0.02,0.015,0.006,R
86,0.019,0.037000000000000005,0.095,0.08199999999999999,0.025,0.049,0.142,0.19699999999999998,0.187,0.18100000000000002,0.214,0.152,0.198,0.484,0.73,0.7809999999999999,0.7909999999999999,0.612,0.42,0.281,0.515,0.757,0.86,1.0,0.846,0.68,0.6970000000000001,0.584,0.47700000000000004,0.52,0.424,0.159,0.16699999999999998,0.059000000000000004,0.397,0.715,0.732,0.35100000000000003,0.059000000000000004,0.26899999999999996,0.42,0.387,0.244,0.2,0.231,0.18899999999999997,0.196,0.17,0.13699999999999998,0.04,0.013999999999999999,0.009,0.003,0.011000000000000001,0.003,0.006,0.009,0.006,0.007,0.002,R
169,0.013000000000000001,0.012,0.044000000000000004,0.062,0.043,0.035,0.038,0.045,0.132,0.138,0.203,0.239,0.21100000000000002,0.14400000000000002,0.07400000000000001,0.153,0.305,0.41200000000000003,0.547,0.593,0.6659999999999999,0.733,0.7140000000000001,0.701,0.7759999999999999,0.914,0.996,1.0,0.888,0.6579999999999999,0.271,0.175,0.271,0.485,0.718,0.821,0.754,0.65,0.47100000000000003,0.348,0.35100000000000003,0.318,0.35200000000000004,0.366,0.285,0.171,0.069,0.03,0.028999999999999998,0.012,0.002,0.008,0.01,0.002,0.004,0.006,0.001,0.001,0.003,0.003,M
94,0.002,0.031,0.017,0.023,0.043,0.122,0.195,0.166,0.13699999999999998,0.14300000000000002,0.099,0.225,0.244,0.324,0.304,0.24100000000000002,0.037000000000000005,0.16699999999999998,0.304,0.40700000000000003,0.361,0.19899999999999998,0.461,0.685,0.727,0.715,0.71,0.852,1.0,0.769,0.484,0.37200000000000005,0.61,0.511,0.259,0.092,0.095,0.22899999999999998,0.348,0.21,0.19,0.294,0.221,0.152,0.075,0.061,0.069,0.045,0.034,0.008,0.011000000000000001,0.015,0.008,0.004,0.011000000000000001,0.008,0.01,0.002,0.003,0.001,R
196,0.005,0.002,0.027000000000000003,0.045,0.096,0.083,0.08800000000000001,0.122,0.198,0.228,0.252,0.348,0.331,0.261,0.17800000000000002,0.20600000000000002,0.23,0.354,0.622,0.726,0.835,0.8270000000000001,0.8370000000000001,0.941,0.951,0.98,0.997,1.0,0.904,0.6409999999999999,0.386,0.29100000000000004,0.204,0.165,0.177,0.114,0.07400000000000001,0.094,0.062,0.043,0.057,0.107,0.191,0.223,0.22,0.226,0.177,0.11,0.055999999999999994,0.013999999999999999,0.027999999999999997,0.016,0.006,0.001,0.003,0.006,0.002,0.006,0.002,0.003,M
114,0.011000000000000001,0.022000000000000002,0.027000000000000003,0.038,0.122,0.20600000000000002,0.149,0.09300000000000001,0.135,0.18,0.249,0.297,0.36700000000000005,0.439,0.526,0.6759999999999999,0.74,0.828,0.903,0.958,1.0,0.998,0.89,0.7490000000000001,0.637,0.674,0.721,0.682,0.551,0.479,0.392,0.253,0.109,0.139,0.255,0.33,0.282,0.214,0.22699999999999998,0.214,0.235,0.287,0.26,0.192,0.126,0.1,0.095,0.121,0.073,0.017,0.021,0.027000000000000003,0.015,0.026000000000000002,0.01,0.004,0.005,0.013999999999999999,0.01,0.002,M
61,0.013999999999999999,0.004,0.005,0.028999999999999998,0.055999999999999994,0.09300000000000001,0.10300000000000001,0.08800000000000001,0.16,0.191,0.158,0.111,0.12,0.11699999999999999,0.142,0.222,0.266,0.271,0.386,0.5720000000000001,0.68,0.875,1.0,0.895,0.8420000000000001,0.917,0.9309999999999999,0.905,0.823,0.6990000000000001,0.583,0.49200000000000005,0.456,0.516,0.5670000000000001,0.528,0.514,0.374,0.228,0.11900000000000001,0.109,0.043,0.107,0.057999999999999996,0.005,0.047,0.040999999999999995,0.028999999999999998,0.019,0.009,0.002,0.004,0.008,0.01,0.01,0.002,0.004,0.003,0.003,0.003,R
80,0.023,0.037000000000000005,0.004,0.038,0.046,0.145,0.221,0.11900000000000001,0.075,0.163,0.271,0.336,0.409,0.44,0.5479999999999999,0.721,0.8140000000000001,0.9179999999999999,1.0,0.9420000000000001,0.912,0.935,0.748,0.515,0.41100000000000003,0.344,0.698,0.871,0.9009999999999999,0.8009999999999999,0.43799999999999994,0.132,0.171,0.248,0.304,0.231,0.134,0.20600000000000002,0.247,0.27899999999999997,0.161,0.006,0.035,0.115,0.133,0.027999999999999997,0.076,0.063,0.031,0.024,0.012,0.006,0.002,0.012,0.015,0.006,0.003,0.003,0.01,0.016,R
118,0.036000000000000004,0.048,0.03,0.021,0.141,0.192,0.135,0.161,0.17,0.14400000000000002,0.19899999999999998,0.215,0.28600000000000003,0.35700000000000004,0.39799999999999996,0.436,0.5329999999999999,0.63,0.7,0.7440000000000001,0.838,0.8640000000000001,0.9009999999999999,0.943,0.9540000000000001,1.0,0.955,0.9740000000000001,0.8959999999999999,0.72,0.546,0.316,0.252,0.19699999999999998,0.21899999999999997,0.153,0.071,0.15,0.17600000000000002,0.228,0.132,0.106,0.19699999999999998,0.16899999999999998,0.188,0.11800000000000001,0.078,0.05,0.049,0.019,0.025,0.012,0.019,0.006,0.01,0.005,0.007,0.011000000000000001,0.007,0.003,M
54,0.013000000000000001,0.008,0.019,0.013999999999999999,0.044000000000000004,0.067,0.061,0.013000000000000001,0.09,0.092,0.14400000000000002,0.14800000000000002,0.209,0.256,0.26,0.198,0.239,0.313,0.408,0.45299999999999996,0.489,0.5670000000000001,0.623,0.674,0.828,0.882,0.92,0.8959999999999999,0.755,0.674,0.6459999999999999,0.501,0.366,0.23,0.136,0.212,0.24,0.267,0.28600000000000003,0.20600000000000002,0.166,0.263,0.255,0.17,0.147,0.129,0.09300000000000001,0.07200000000000001,0.032,0.026000000000000002,0.013999999999999999,0.004,0.003,0.002,0.002,0.005,0.013999999999999999,0.013999999999999999,0.003,0.006,R
23,0.012,0.015,0.013999999999999999,0.008,0.021,0.106,0.102,0.044000000000000004,0.09300000000000001,0.073,0.07400000000000001,0.062,0.106,0.11800000000000001,0.172,0.258,0.32299999999999995,0.382,0.424,0.42200000000000004,0.445,0.408,0.331,0.401,0.447,0.522,0.755,0.95,1.0,0.9079999999999999,0.828,0.757,0.726,0.615,0.568,0.5760000000000001,0.532,0.36700000000000005,0.16699999999999998,0.087,0.065,0.18899999999999997,0.268,0.289,0.23399999999999999,0.16699999999999998,0.102,0.12,0.07,0.017,0.011000000000000001,0.009,0.002,0.008,0.006,0.003,0.003,0.004,0.007,0.004,R
159,0.024,0.022000000000000002,0.017,0.052000000000000005,0.075,0.11199999999999999,0.126,0.172,0.307,0.32,0.295,0.248,0.251,0.18100000000000002,0.141,0.302,0.364,0.389,0.298,0.222,0.162,0.134,0.205,0.379,0.5770000000000001,0.754,0.841,0.855,0.904,1.0,0.965,0.7909999999999999,0.6409999999999999,0.599,0.684,0.777,0.8079999999999999,0.743,0.63,0.5710000000000001,0.44299999999999995,0.336,0.38,0.495,0.43700000000000006,0.24,0.113,0.165,0.09300000000000001,0.022000000000000002,0.021,0.022000000000000002,0.015,0.008,0.006,0.002,0.006,0.005,0.003,0.002,M
70,0.006,0.012,0.007,0.011000000000000001,0.022000000000000002,0.027999999999999997,0.053,0.057999999999999996,0.105,0.111,0.094,0.083,0.092,0.091,0.149,0.16699999999999998,0.127,0.13699999999999998,0.11,0.129,0.215,0.289,0.424,0.617,0.8170000000000001,0.9620000000000001,0.828,0.5820000000000001,0.467,0.354,0.273,0.141,0.18600000000000003,0.218,0.23600000000000002,0.172,0.059000000000000004,0.062,0.185,0.245,0.298,0.304,0.228,0.14800000000000002,0.11,0.11800000000000001,0.061,0.033,0.027999999999999997,0.01,0.002,0.007,0.002,0.003,0.005,0.004,0.003,0.004,0.001,0.004,R
85,0.036000000000000004,0.163,0.16399999999999998,0.142,0.113,0.131,0.21100000000000002,0.22699999999999998,0.299,0.374,0.304,0.039,0.268,0.54,0.62,0.726,0.835,0.6890000000000001,0.445,0.392,0.56,0.754,0.831,1.0,0.8759999999999999,0.7090000000000001,0.701,0.501,0.39399999999999996,0.446,0.40700000000000003,0.077,0.142,0.04,0.36,0.685,0.708,0.36,0.061,0.303,0.397,0.387,0.23800000000000002,0.20600000000000002,0.22899999999999998,0.17,0.159,0.179,0.102,0.015,0.022000000000000002,0.011000000000000001,0.007,0.02,0.016,0.006,0.008,0.009,0.011000000000000001,0.007,R
115,0.040999999999999995,0.044000000000000004,0.045,0.084,0.042,0.122,0.2,0.152,0.08199999999999999,0.198,0.231,0.302,0.39399999999999996,0.505,0.5870000000000001,0.6609999999999999,0.742,0.8009999999999999,0.846,0.794,0.88,0.838,0.785,0.848,0.743,0.643,0.551,0.35200000000000004,0.317,0.335,0.20600000000000002,0.10300000000000001,0.317,0.40399999999999997,0.428,0.45399999999999996,0.37,0.374,0.384,0.349,0.43799999999999994,0.426,0.285,0.281,0.24,0.037000000000000005,0.08,0.054000000000000006,0.018000000000000002,0.006,0.022000000000000002,0.004,0.013999999999999999,0.011000000000000001,0.005,0.016,0.013999999999999999,0.008,0.025,0.02,M
139,0.016,0.063,0.07400000000000001,0.061,0.023,0.105,0.134,0.064,0.152,0.078,0.179,0.268,0.179,0.10400000000000001,0.198,0.32299999999999995,0.375,0.259,0.368,0.35100000000000003,0.561,0.523,0.547,0.695,0.635,0.6759999999999999,0.85,0.802,0.6559999999999999,0.8590000000000001,0.6659999999999999,0.537,0.312,0.376,0.28,0.08800000000000001,0.332,0.424,0.18,0.374,0.46299999999999997,0.161,0.249,0.32,0.226,0.115,0.048,0.094,0.08199999999999999,0.017,0.024,0.026000000000000002,0.013999999999999999,0.023,0.019,0.018000000000000002,0.011000000000000001,0.009,0.008,0.011000000000000001,M
116,0.009,0.033,0.031,0.038,0.13,0.18,0.191,0.16899999999999998,0.187,0.172,0.223,0.311,0.414,0.516,0.537,0.511,0.644,0.733,0.816,0.8859999999999999,0.9890000000000001,1.0,0.875,0.863,0.907,0.867,0.775,0.66,0.562,0.402,0.233,0.11599999999999999,0.11,0.043,0.062,0.196,0.212,0.324,0.41,0.294,0.191,0.17,0.10099999999999999,0.151,0.14300000000000002,0.11,0.11699999999999999,0.09699999999999999,0.07,0.027999999999999997,0.022000000000000002,0.015,0.011000000000000001,0.024,0.016,0.006,0.008,0.006,0.009,0.007,M
40,0.007,0.023,0.051,0.044000000000000004,0.025,0.064,0.042,0.113,0.191,0.248,0.161,0.092,0.24,0.322,0.43,0.265,0.067,0.14400000000000002,0.237,0.26,0.249,0.39,0.638,0.804,0.703,0.687,0.7,0.856,1.0,0.9620000000000001,0.9,0.758,0.69,0.569,0.44,0.455,0.29600000000000004,0.159,0.168,0.084,0.11699999999999999,0.175,0.273,0.17,0.019,0.021,0.035,0.042,0.009,0.02,0.02,0.017,0.016,0.006,0.004,0.007,0.004,0.005,0.019,0.01,R
104,0.031,0.052000000000000005,0.065,0.052000000000000005,0.061,0.057999999999999996,0.066,0.066,0.146,0.27899999999999997,0.38799999999999996,0.499,0.498,0.49700000000000005,0.561,0.7340000000000001,0.823,0.917,0.998,0.991,0.8240000000000001,0.65,0.598,0.486,0.315,0.154,0.099,0.027999999999999997,0.10099999999999999,0.264,0.26899999999999996,0.293,0.292,0.4,0.366,0.317,0.461,0.43700000000000006,0.182,0.33799999999999997,0.62,0.445,0.18600000000000003,0.142,0.059000000000000004,0.057999999999999996,0.067,0.027000000000000003,0.024,0.019,0.006,0.032,0.019,0.013999999999999999,0.027999999999999997,0.015,0.005,0.012,0.012,0.006,M
190,0.016,0.021,0.027999999999999997,0.06,0.046,0.078,0.136,0.078,0.10400000000000001,0.157,0.248,0.278,0.29,0.29600000000000004,0.319,0.18899999999999997,0.17300000000000001,0.223,0.243,0.315,0.41,0.381,0.49,0.629,0.752,0.7979999999999999,0.883,0.992,0.922,0.698,0.617,0.507,0.392,0.35200000000000004,0.218,0.124,0.159,0.163,0.23600000000000002,0.248,0.244,0.272,0.11800000000000001,0.11599999999999999,0.145,0.188,0.195,0.149,0.051,0.016,0.019,0.015,0.006,0.008,0.009,0.004,0.006,0.006,0.005,0.002,M
41,0.009,0.018000000000000002,0.006,0.006,0.026000000000000002,0.046,0.047,0.006,0.042,0.064,0.08900000000000001,0.16,0.154,0.27699999999999997,0.218,0.28,0.349,0.282,0.248,0.3,0.43,0.46799999999999997,0.452,0.503,0.622,0.657,0.6629999999999999,0.732,0.853,1.0,0.845,0.635,0.631,0.621,0.698,0.5870000000000001,0.489,0.368,0.204,0.147,0.222,0.145,0.149,0.121,0.114,0.079,0.036000000000000004,0.015,0.008,0.012,0.002,0.007,0.006,0.013000000000000001,0.011000000000000001,0.005,0.009,0.005,0.006,0.002,R
154,0.012,0.007,0.027999999999999997,0.057999999999999996,0.092,0.127,0.158,0.193,0.23600000000000002,0.217,0.11800000000000001,0.075,0.278,0.376,0.509,0.659,0.7070000000000001,0.753,0.836,0.8590000000000001,0.9620000000000001,0.9840000000000001,0.87,0.64,0.507,0.54,0.693,0.8490000000000001,0.821,0.596,0.295,0.276,0.28800000000000003,0.18899999999999997,0.145,0.096,0.08900000000000001,0.084,0.08900000000000001,0.155,0.23199999999999998,0.222,0.10400000000000001,0.172,0.20199999999999999,0.179,0.111,0.04,0.03,0.008,0.004,0.005,0.003,0.002,0.001,0.003,0.002,0.006,0.003,0.005,M
135,0.009,0.061,0.114,0.12,0.04,0.12300000000000001,0.25,0.457,0.659,0.508,0.335,0.083,0.3,0.396,0.377,0.38299999999999995,0.125,0.136,0.268,0.919,0.978,0.324,0.19399999999999998,0.187,0.08800000000000001,0.344,0.295,0.591,0.456,0.733,0.19699999999999998,0.27899999999999997,0.621,0.868,0.862,0.938,0.833,0.948,0.672,0.444,0.516,0.381,0.156,0.145,0.266,0.18100000000000002,0.17,0.256,0.113,0.02,0.048,0.023,0.018000000000000002,0.035,0.016,0.033,0.02,0.017,0.024,0.015,M
44,0.026000000000000002,0.045,0.039,0.024,0.132,0.132,0.161,0.214,0.085,0.055999999999999994,0.08900000000000001,0.086,0.153,0.152,0.185,0.287,0.201,0.275,0.502,0.217,0.498,0.526,0.365,0.5770000000000001,0.516,0.5720000000000001,0.401,0.365,0.6679999999999999,0.866,0.805,0.408,0.33799999999999997,0.509,0.6779999999999999,0.731,0.606,0.7040000000000001,0.885,0.898,0.775,0.725,0.773,0.7759999999999999,0.601,0.451,0.31,0.18600000000000003,0.096,0.021,0.021,0.01,0.015,0.01,0.013000000000000001,0.02,0.002,0.02,0.026000000000000002,0.018000000000000002,R
132,0.09699999999999999,0.08199999999999999,0.063,0.061,0.062,0.121,0.094,0.42200000000000004,0.574,0.502,0.349,0.17,0.20800000000000002,0.309,0.42200000000000004,0.531,0.244,0.188,0.191,0.8320000000000001,1.0,0.408,0.096,0.193,0.242,0.379,0.289,0.345,0.37799999999999995,0.521,0.23199999999999998,0.33399999999999996,0.478,0.612,0.67,0.738,0.736,0.779,0.679,0.526,0.276,0.154,0.20199999999999999,0.223,0.42200000000000004,0.307,0.133,0.135,0.106,0.05,0.021,0.007,0.008,0.03,0.019,0.021,0.013000000000000001,0.02,0.021,0.004,M
65,0.018000000000000002,0.017,0.05,0.027999999999999997,0.026000000000000002,0.035,0.036000000000000004,0.054000000000000006,0.026000000000000002,0.047,0.053,0.185,0.10400000000000001,0.095,0.091,0.16899999999999998,0.157,0.038,0.132,0.209,0.198,0.095,0.196,0.124,0.062,0.214,0.46399999999999997,0.647,0.634,0.611,0.705,0.5379999999999999,0.593,0.8440000000000001,0.948,0.97,0.777,0.631,0.5760000000000001,0.615,0.545,0.48100000000000004,0.341,0.192,0.113,0.064,0.091,0.098,0.055999999999999994,0.019,0.009,0.004,0.018000000000000002,0.017,0.008,0.005,0.011000000000000001,0.018000000000000002,0.028999999999999998,0.006,R
111,0.053,0.08800000000000001,0.2,0.26,0.322,0.225,0.062,0.22899999999999998,0.095,0.07400000000000001,0.161,0.223,0.27,0.336,0.42700000000000005,0.414,0.5660000000000001,0.6920000000000001,0.855,0.9229999999999999,0.917,1.0,0.953,0.91,0.8340000000000001,0.705,0.653,0.44799999999999995,0.24600000000000002,0.20199999999999999,0.145,0.099,0.151,0.239,0.44299999999999995,0.502,0.444,0.457,0.39299999999999996,0.29,0.341,0.499,0.363,0.139,0.18,0.13,0.052000000000000005,0.08199999999999999,0.047,0.011000000000000001,0.03,0.024,0.02,0.026000000000000002,0.008,0.015,0.017,0.015,0.013000000000000001,0.006,M
74,0.011000000000000001,0.009,0.012,0.038,0.068,0.086,0.1,0.066,0.094,0.10400000000000001,0.09699999999999999,0.05,0.155,0.34,0.48,0.657,0.774,0.7829999999999999,0.815,0.813,0.83,0.8540000000000001,0.887,0.889,0.898,0.9670000000000001,1.0,0.9129999999999999,0.6759999999999999,0.466,0.29,0.29600000000000004,0.175,0.21100000000000002,0.257,0.228,0.215,0.16,0.037000000000000005,0.012,0.049,0.028999999999999998,0.06,0.043,0.037000000000000005,0.002,0.033,0.026000000000000002,0.018000000000000002,0.011000000000000001,0.012,0.008,0.002,0.012,0.005,0.008,0.008,0.006,0.006,0.004,R
96,0.018000000000000002,0.015,0.003,0.013999999999999999,0.042,0.047,0.036000000000000004,0.07400000000000001,0.14,0.10400000000000001,0.09,0.067,0.1,0.106,0.035,0.12300000000000001,0.163,0.365,0.326,0.3,0.21100000000000002,0.21,0.20800000000000002,0.228,0.075,0.19699999999999998,0.409,0.638,0.797,0.7509999999999999,0.552,0.221,0.467,0.44799999999999995,0.23,0.324,0.44799999999999995,0.5579999999999999,0.652,0.535,0.248,0.22699999999999998,0.179,0.09,0.054000000000000006,0.037000000000000005,0.099,0.096,0.032,0.013999999999999999,0.008,0.022000000000000002,0.026000000000000002,0.013999999999999999,0.023,0.004,0.002,0.005,0.009,0.008,R
207,0.026000000000000002,0.036000000000000004,0.013999999999999999,0.027000000000000003,0.021,0.034,0.066,0.14,0.184,0.235,0.272,0.244,0.166,0.034,0.13,0.171,0.218,0.318,0.371,0.455,0.57,0.74,0.8059999999999999,0.884,0.943,1.0,0.938,0.76,0.7120000000000001,0.836,0.762,0.457,0.172,0.155,0.16399999999999998,0.187,0.266,0.171,0.096,0.077,0.085,0.20800000000000002,0.25,0.18600000000000003,0.14400000000000002,0.147,0.099,0.004,0.015,0.012,0.018000000000000002,0.015,0.013000000000000001,0.005,0.004,0.006,0.004,0.004,0.006,0.012,M
91,0.025,0.081,0.051,0.024,0.172,0.382,0.373,0.358,0.34299999999999997,0.22,0.265,0.322,0.5579999999999999,0.6920000000000001,0.794,0.715,0.35100000000000003,0.201,0.268,0.43,0.528,0.349,0.14300000000000002,0.545,0.634,0.7709999999999999,0.684,0.802,0.807,0.831,0.779,0.505,0.141,0.27699999999999997,0.508,0.479,0.136,0.23,0.27899999999999997,0.38299999999999995,0.293,0.11599999999999999,0.17,0.129,0.091,0.08,0.057,0.02,0.011000000000000001,0.015,0.008,0.018000000000000002,0.007,0.008,0.004,0.012,0.003,0.004,0.008,0.005,R
83,0.022000000000000002,0.034,0.039,0.024,0.10800000000000001,0.11599999999999999,0.14,0.10099999999999999,0.115,0.17800000000000002,0.408,0.41100000000000003,0.397,0.508,0.6509999999999999,0.807,0.982,1.0,0.941,0.845,0.8109999999999999,0.846,0.621,0.5820000000000001,0.774,0.82,0.56,0.299,0.501,0.6629999999999999,0.575,0.406,0.375,0.348,0.158,0.142,0.213,0.187,0.1,0.24,0.22399999999999998,0.203,0.071,0.161,0.16699999999999998,0.17,0.183,0.14,0.051,0.022000000000000002,0.01,0.003,0.01,0.008,0.008,0.009,0.003,0.003,0.001,0.007,R
107,0.043,0.055999999999999994,0.071,0.062,0.122,0.152,0.154,0.039,0.061,0.011000000000000001,0.126,0.247,0.301,0.375,0.452,0.539,0.659,0.711,0.76,0.867,0.8420000000000001,0.797,0.838,0.932,0.856,0.616,0.414,0.327,0.311,0.255,0.337,0.446,0.5,0.511,0.519,0.462,0.423,0.43700000000000006,0.428,0.44299999999999995,0.37,0.332,0.256,0.253,0.214,0.179,0.10099999999999999,0.053,0.045,0.012,0.001,0.013999999999999999,0.018000000000000002,0.008,0.006,0.013000000000000001,0.009,0.008,0.011000000000000001,0.005,M
12,0.008,0.009,0.006,0.025,0.034,0.055,0.053,0.096,0.10099999999999999,0.124,0.11,0.122,0.187,0.33799999999999997,0.32299999999999995,0.272,0.39399999999999996,0.643,0.727,0.867,0.9670000000000001,0.985,0.948,0.804,0.6829999999999999,0.514,0.309,0.083,0.402,0.23399999999999999,0.19,0.124,0.172,0.235,0.249,0.365,0.33799999999999997,0.159,0.099,0.109,0.10400000000000001,0.084,0.139,0.08199999999999999,0.068,0.066,0.12,0.069,0.015,0.027000000000000003,0.017,0.018000000000000002,0.013000000000000001,0.009,0.01,0.002,0.006,0.006,0.006,0.003,R
147,0.065,0.065,0.07400000000000001,0.113,0.248,0.126,0.18,0.099,0.24600000000000002,0.342,0.213,0.138,0.40299999999999997,0.568,0.24,0.433,0.595,0.5770000000000001,0.818,0.884,0.525,0.637,0.838,0.67,0.7759999999999999,0.875,0.83,0.69,0.337,0.64,0.7140000000000001,0.82,0.6659999999999999,0.525,0.29600000000000004,0.07,0.09699999999999999,0.39399999999999996,0.603,0.35200000000000004,0.392,0.48100000000000004,0.46,0.41600000000000004,0.544,0.565,0.32,0.248,0.13,0.08199999999999999,0.024,0.021,0.036000000000000004,0.024,0.045,0.039,0.036000000000000004,0.044000000000000004,0.024,0.01,M
130,0.044000000000000004,0.045,0.024,0.10099999999999999,0.225,0.261,0.20600000000000002,0.16699999999999998,0.18,0.308,0.379,0.536,0.617,0.784,0.8390000000000001,0.902,1.0,0.8909999999999999,0.875,0.789,0.716,0.758,0.637,0.321,0.20800000000000002,0.228,0.331,0.285,0.195,0.16699999999999998,0.102,0.136,0.221,0.11199999999999999,0.168,0.10400000000000001,0.256,0.262,0.22399999999999998,0.11800000000000001,0.11,0.28300000000000003,0.23800000000000002,0.026000000000000002,0.19699999999999998,0.14800000000000002,0.043,0.063,0.051,0.047,0.025,0.027000000000000003,0.02,0.013999999999999999,0.018000000000000002,0.006,0.004,0.012,0.015,0.01,M
53,0.028999999999999998,0.038,0.026000000000000002,0.006,0.013000000000000001,0.061,0.09,0.111,0.09699999999999999,0.075,0.053,0.121,0.17600000000000002,0.204,0.273,0.23199999999999998,0.268,0.293,0.33,0.491,0.54,0.626,0.6829999999999999,0.753,0.85,0.894,0.993,0.9129999999999999,0.708,0.632,0.613,0.46399999999999997,0.28,0.172,0.166,0.256,0.27399999999999997,0.321,0.272,0.188,0.155,0.252,0.212,0.18,0.147,0.068,0.109,0.092,0.04,0.009,0.008,0.006,0.007,0.011000000000000001,0.005,0.01,0.004,0.006,0.005,0.009,R
24,0.028999999999999998,0.064,0.039,0.017,0.048,0.08199999999999999,0.099,0.032,0.07400000000000001,0.086,0.040999999999999995,0.047,0.084,0.094,0.147,0.081,0.11800000000000001,0.218,0.33299999999999996,0.326,0.21100000000000002,0.23,0.336,0.426,0.461,0.261,0.087,0.28600000000000003,0.561,0.8340000000000001,0.81,0.725,0.805,0.9440000000000001,1.0,0.8959999999999999,0.552,0.304,0.23399999999999999,0.23800000000000002,0.332,0.382,0.158,0.223,0.158,0.14300000000000002,0.163,0.113,0.057,0.013000000000000001,0.017,0.004,0.005,0.008,0.008,0.008,0.01,0.016,0.01,0.001,R
145,0.07200000000000001,0.157,0.111,0.10800000000000001,0.067,0.18,0.111,0.27899999999999997,0.141,0.08,0.253,0.392,0.33799999999999997,0.161,0.18899999999999997,0.331,0.228,0.218,0.185,0.517,0.534,0.63,0.8440000000000001,0.6759999999999999,0.5820000000000001,0.614,0.8809999999999999,0.838,0.387,0.505,0.546,0.424,0.153,0.495,0.698,0.711,0.565,0.48700000000000004,0.552,0.44299999999999995,0.525,0.608,0.525,0.136,0.42700000000000005,0.444,0.21899999999999997,0.09,0.12,0.063,0.023,0.031,0.013000000000000001,0.008,0.027999999999999997,0.012,0.009,0.015,0.016,0.013000000000000001,M
106,0.033,0.042,0.047,0.08199999999999999,0.084,0.076,0.037000000000000005,0.096,0.055,0.019,0.09,0.17300000000000001,0.19399999999999998,0.28,0.331,0.502,0.636,0.71,0.833,0.873,0.807,0.7509999999999999,0.753,0.73,0.618,0.495,0.45299999999999996,0.41,0.45399999999999996,0.41200000000000003,0.314,0.319,0.369,0.37799999999999995,0.447,0.478,0.47200000000000003,0.466,0.389,0.426,0.406,0.371,0.386,0.28,0.128,0.11199999999999999,0.13,0.079,0.044000000000000004,0.022000000000000002,0.013000000000000001,0.008,0.017,0.018000000000000002,0.004,0.013000000000000001,0.007,0.004,0.013000000000000001,0.009,M
140,0.040999999999999995,0.114,0.052000000000000005,0.023,0.065,0.11199999999999999,0.179,0.24100000000000002,0.268,0.20600000000000002,0.155,0.267,0.314,0.29,0.353,0.508,0.46399999999999997,0.18600000000000003,0.447,0.408,0.54,0.479,0.433,0.611,0.509,0.461,0.7240000000000001,0.899,0.883,0.92,0.8,0.603,0.212,0.287,0.40299999999999997,0.28,0.309,0.355,0.254,0.14300000000000002,0.5870000000000001,0.643,0.583,0.429,0.489,0.578,0.43200000000000005,0.264,0.179,0.077,0.08,0.038,0.013999999999999999,0.027000000000000003,0.013000000000000001,0.017,0.01,0.022000000000000002,0.01,0.008,M
155,0.021,0.013000000000000001,0.002,0.045,0.071,0.156,0.152,0.121,0.16699999999999998,0.134,0.078,0.037000000000000005,0.12300000000000001,0.261,0.428,0.612,0.7440000000000001,0.813,0.9009999999999999,0.96,0.9159999999999999,0.914,0.785,0.513,0.344,0.32899999999999996,0.257,0.368,0.5760000000000001,0.619,0.461,0.36200000000000004,0.44299999999999995,0.386,0.309,0.214,0.111,0.139,0.152,0.1,0.16399999999999998,0.19,0.131,0.17800000000000002,0.2,0.076,0.073,0.075,0.045,0.013000000000000001,0.017,0.012,0.002,0.005,0.005,0.003,0.002,0.004,0.005,0.002,M
43,0.009,0.027000000000000003,0.022000000000000002,0.034,0.03,0.11699999999999999,0.145,0.064,0.07400000000000001,0.136,0.213,0.374,0.374,0.267,0.233,0.537,0.731,0.7659999999999999,0.627,0.44,0.433,0.433,0.5539999999999999,0.736,0.8590000000000001,0.899,0.9420000000000001,0.94,0.938,0.858,0.728,0.67,0.755,0.877,0.992,0.992,0.9420000000000001,0.8390000000000001,0.66,0.48200000000000004,0.292,0.177,0.114,0.07,0.158,0.19399999999999998,0.111,0.069,0.018000000000000002,0.02,0.031,0.021,0.009,0.006,0.009,0.009,0.007,0.012,0.006,0.011000000000000001,R
97,0.049,0.027999999999999997,0.059000000000000004,0.127,0.177,0.191,0.222,0.077,0.125,0.203,0.095,0.25,0.221,0.32,0.33399999999999996,0.332,0.278,0.298,0.295,0.17300000000000001,0.326,0.38299999999999995,0.35200000000000004,0.541,0.523,0.44799999999999995,0.534,0.532,0.391,0.34600000000000003,0.409,0.46399999999999997,0.5579999999999999,0.573,0.636,0.7559999999999999,0.69,0.618,0.5379999999999999,0.562,0.6509999999999999,0.48,0.374,0.28,0.198,0.244,0.179,0.171,0.076,0.024,0.027000000000000003,0.008,0.013000000000000001,0.016,0.006,0.012,0.019,0.013999999999999999,0.033,0.044000000000000004,M
62,0.009,0.022000000000000002,0.024,0.044000000000000004,0.067,0.077,0.05,0.091,0.12300000000000001,0.11800000000000001,0.078,0.11,0.10400000000000001,0.085,0.046,0.13,0.26899999999999996,0.295,0.36700000000000005,0.495,0.628,0.816,0.924,0.871,0.805,0.8759999999999999,1.0,0.986,0.943,0.8109999999999999,0.6990000000000001,0.6809999999999999,0.659,0.695,0.7290000000000001,0.6679999999999999,0.5920000000000001,0.49,0.344,0.237,0.172,0.10099999999999999,0.077,0.084,0.026000000000000002,0.033,0.02,0.031,0.01,0.01,0.005,0.007,0.005,0.002,0.002,0.003,0.006,0.005,0.002,0.003,R
200,0.013000000000000001,0.039,0.033,0.008,0.07200000000000001,0.134,0.163,0.19,0.261,0.319,0.34700000000000003,0.374,0.306,0.193,0.138,0.212,0.276,0.45799999999999996,0.649,0.715,0.8009999999999999,0.792,0.879,1.0,0.986,0.9470000000000001,0.9470000000000001,0.932,0.833,0.621,0.377,0.282,0.204,0.21899999999999997,0.222,0.133,0.052000000000000005,0.062,0.142,0.146,0.085,0.106,0.16399999999999998,0.192,0.20800000000000002,0.23399999999999999,0.196,0.13,0.063,0.018000000000000002,0.013999999999999999,0.015,0.008,0.003,0.004,0.007,0.004,0.001,0.002,0.008,M
185,0.034,0.062,0.038,0.026000000000000002,0.044000000000000004,0.10300000000000001,0.129,0.185,0.265,0.41200000000000003,0.524,0.534,0.555,0.392,0.295,0.308,0.302,0.272,0.544,0.7929999999999999,0.875,0.867,0.711,0.691,0.7290000000000001,0.879,1.0,0.982,0.898,0.605,0.493,0.537,0.45899999999999996,0.29100000000000004,0.077,0.225,0.16,0.396,0.612,0.52,0.23199999999999998,0.43700000000000006,0.38,0.43200000000000005,0.489,0.19,0.094,0.136,0.091,0.013999999999999999,0.033,0.013999999999999999,0.002,0.007,0.01,0.004,0.006,0.005,0.003,0.006,M
149,0.021,0.054000000000000006,0.033,0.08199999999999999,0.07400000000000001,0.032,0.092,0.107,0.155,0.12300000000000001,0.18,0.179,0.125,0.258,0.337,0.39899999999999997,0.165,0.22699999999999998,0.322,0.536,0.816,1.0,0.87,0.6890000000000001,0.63,0.574,0.5710000000000001,0.598,0.43,0.20600000000000002,0.1,0.225,0.231,0.39799999999999996,0.332,0.17300000000000001,0.14300000000000002,0.217,0.19699999999999998,0.214,0.36700000000000005,0.20199999999999999,0.078,0.092,0.239,0.34,0.259,0.11,0.091,0.046,0.017,0.003,0.005,0.019,0.01,0.012,0.004,0.009,0.007,0.01,M
174,0.019,0.017,0.028999999999999998,0.03,0.046,0.069,0.057999999999999996,0.11,0.242,0.313,0.479,0.524,0.439,0.344,0.287,0.389,0.442,0.389,0.409,0.501,0.727,0.938,1.0,0.983,0.993,0.9159999999999999,0.8240000000000001,0.696,0.45399999999999996,0.32799999999999996,0.252,0.396,0.415,0.331,0.14400000000000002,0.192,0.321,0.337,0.568,0.55,0.32299999999999995,0.045,0.313,0.33899999999999997,0.413,0.364,0.207,0.086,0.06,0.027000000000000003,0.012,0.004,0.013999999999999999,0.013999999999999999,0.017,0.013000000000000001,0.011000000000000001,0.012,0.011000000000000001,0.007,M
202,0.027000000000000003,0.038,0.049,0.085,0.113,0.11,0.135,0.23399999999999999,0.311,0.4,0.39399999999999996,0.331,0.293,0.17600000000000002,0.174,0.204,0.209,0.268,0.243,0.184,0.28,0.617,0.802,0.831,0.8440000000000001,0.8490000000000001,0.917,1.0,0.79,0.537,0.647,0.65,0.496,0.218,0.099,0.043,0.171,0.198,0.188,0.111,0.17,0.057999999999999996,0.064,0.139,0.064,0.057999999999999996,0.064,0.10400000000000001,0.073,0.027999999999999997,0.015,0.009,0.004,0.004,0.004,0.01,0.005,0.005,0.006,0.01,M
129,0.13699999999999998,0.12300000000000001,0.138,0.14800000000000002,0.17800000000000002,0.14300000000000002,0.177,0.21600000000000003,0.163,0.207,0.426,0.5479999999999999,0.713,0.7,0.6779999999999999,0.794,0.938,0.892,0.915,0.7829999999999999,0.7959999999999999,0.7979999999999999,0.772,0.662,0.486,0.557,0.47,0.564,0.452,0.337,0.268,0.23399999999999999,0.305,0.302,0.275,0.10400000000000001,0.17600000000000002,0.316,0.36,0.27399999999999997,0.13,0.24600000000000002,0.34,0.175,0.068,0.106,0.064,0.053,0.053,0.027000000000000003,0.017,0.012,0.013000000000000001,0.034,0.006,0.007,0.002,0.008,0.015,0.005,M
7,0.052000000000000005,0.055,0.084,0.032,0.11599999999999999,0.092,0.10300000000000001,0.061,0.146,0.284,0.28,0.309,0.266,0.38,0.563,0.43799999999999994,0.262,0.12,0.6679999999999999,0.94,0.7829999999999999,0.535,0.6809999999999999,0.917,0.7609999999999999,0.8220000000000001,0.887,0.609,0.297,0.11,0.132,0.062,0.099,0.401,0.36700000000000005,0.105,0.192,0.39299999999999996,0.429,0.255,0.115,0.22,0.188,0.14400000000000002,0.215,0.23600000000000002,0.11199999999999999,0.025,0.027999999999999997,0.018000000000000002,0.005,0.008,0.012,0.004,0.012,0.01,0.008,0.005,0.005,0.005,R
22,0.01,0.048,0.03,0.03,0.065,0.10800000000000001,0.23600000000000002,0.23800000000000002,0.008,0.188,0.146,0.18899999999999997,0.318,0.134,0.217,0.24600000000000002,0.259,0.27899999999999997,0.23,0.066,0.14400000000000002,0.11800000000000001,0.16699999999999998,0.17800000000000002,0.248,0.257,0.10400000000000001,0.536,0.7120000000000001,0.629,0.47600000000000003,0.602,0.721,0.623,0.5720000000000001,0.752,0.871,0.925,0.971,0.93,0.9,0.7909999999999999,0.56,0.284,0.441,0.551,0.433,0.29,0.198,0.078,0.04,0.017,0.015,0.012,0.02,0.013999999999999999,0.003,0.016,0.011000000000000001,0.013000000000000001,R
167,0.013999999999999999,0.03,0.012,0.008,0.024,0.025,0.027999999999999997,0.013000000000000001,0.049,0.087,0.11,0.10800000000000001,0.109,0.102,0.06,0.091,0.131,0.276,0.366,0.527,0.581,0.618,0.588,0.46399999999999997,0.542,0.737,0.909,1.0,0.825,0.544,0.335,0.08800000000000001,0.16,0.41700000000000004,0.6579999999999999,0.7390000000000001,0.7959999999999999,0.7490000000000001,0.68,0.47100000000000003,0.23600000000000002,0.17,0.273,0.402,0.41200000000000003,0.34700000000000003,0.27399999999999997,0.179,0.092,0.027999999999999997,0.017,0.008,0.004,0.002,0.004,0.006,0.007,0.004,0.004,0.003,M
178,0.02,0.039,0.038,0.008,0.025,0.063,0.075,0.057999999999999996,0.136,0.17,0.17300000000000001,0.247,0.314,0.33,0.276,0.20600000000000002,0.11599999999999999,0.188,0.33899999999999997,0.39299999999999996,0.428,0.542,0.645,0.722,0.785,0.7979999999999999,0.885,0.958,0.899,0.6829999999999999,0.611,0.5479999999999999,0.506,0.44799999999999995,0.24,0.14,0.177,0.174,0.33299999999999996,0.402,0.301,0.20800000000000002,0.121,0.026000000000000002,0.03,0.069,0.078,0.078,0.037000000000000005,0.006,0.009,0.013000000000000001,0.01,0.004,0.006,0.007,0.004,0.004,0.005,0.005,M
27,0.018000000000000002,0.03,0.028999999999999998,0.039,0.063,0.053,0.069,0.063,0.062,0.061,0.168,0.348,0.456,0.519,0.631,0.72,0.515,0.382,0.264,0.33399999999999996,0.486,0.6629999999999999,0.7390000000000001,0.9209999999999999,1.0,0.775,0.5589999999999999,0.617,0.8640000000000001,0.659,0.47700000000000004,0.498,0.33299999999999996,0.308,0.28800000000000003,0.223,0.079,0.06,0.105,0.061,0.153,0.098,0.16399999999999998,0.19,0.111,0.192,0.147,0.039,0.036000000000000004,0.027000000000000003,0.017,0.01,0.012,0.004,0.008,0.012,0.01,0.006,0.003,0.002,R
113,0.027999999999999997,0.06,0.066,0.023,0.084,0.16699999999999998,0.115,0.11,0.13699999999999998,0.177,0.2,0.287,0.32799999999999996,0.377,0.41700000000000004,0.504,0.618,0.802,0.9329999999999999,0.94,0.9279999999999999,0.945,0.833,0.777,0.701,0.615,0.581,0.445,0.371,0.289,0.218,0.171,0.358,0.395,0.287,0.24,0.36200000000000004,0.331,0.376,0.47700000000000004,0.406,0.366,0.23199999999999998,0.145,0.102,0.111,0.066,0.027000000000000003,0.024,0.018000000000000002,0.011000000000000001,0.015,0.017,0.016,0.005,0.007,0.005,0.003,0.004,0.008,M
30,0.024,0.022000000000000002,0.032,0.057,0.033,0.051,0.09,0.071,0.057,0.039,0.193,0.243,0.29100000000000004,0.261,0.381,0.5,0.302,0.366,0.679,0.731,0.505,0.444,0.6990000000000001,0.813,0.778,0.894,0.893,0.8909999999999999,0.861,0.8059999999999999,0.5539999999999999,0.245,0.34600000000000003,0.162,0.247,0.556,0.46799999999999997,0.098,0.158,0.075,0.332,0.374,0.267,0.10800000000000001,0.142,0.16899999999999998,0.07400000000000001,0.063,0.013999999999999999,0.023,0.006,0.016,0.015,0.009,0.011000000000000001,0.009,0.005,0.002,0.007,0.002,R
87,0.086,0.045,0.038,0.02,0.038,0.053,0.214,0.311,0.284,0.275,0.271,0.095,0.102,0.452,0.674,0.67,0.7070000000000001,0.563,0.37799999999999995,0.272,0.53,0.77,0.8640000000000001,0.93,0.937,0.625,0.602,0.6809999999999999,0.505,0.578,0.475,0.24,0.278,0.2,0.53,0.741,0.778,0.442,0.142,0.35100000000000003,0.44799999999999995,0.42100000000000004,0.305,0.22399999999999998,0.261,0.28,0.239,0.20199999999999999,0.133,0.036000000000000004,0.013000000000000001,0.017,0.013999999999999999,0.008,0.004,0.005,0.026000000000000002,0.01,0.004,0.004,R
186,0.021,0.019,0.040999999999999995,0.032,0.07,0.158,0.14400000000000002,0.14,0.305,0.391,0.35,0.36700000000000005,0.39399999999999996,0.331,0.33299999999999996,0.3,0.23199999999999998,0.138,0.345,0.44299999999999995,0.489,0.368,0.43799999999999994,0.486,0.621,0.726,0.662,0.769,0.7979999999999999,0.858,0.927,0.701,0.485,0.341,0.141,0.115,0.14300000000000002,0.182,0.36,0.5529999999999999,0.599,0.508,0.551,0.503,0.703,0.59,0.40700000000000003,0.276,0.158,0.051,0.005,0.008,0.02,0.01,0.004,0.003,0.006,0.009,0.007,0.004,M
79,0.011000000000000001,0.009,0.006,0.046,0.075,0.08900000000000001,0.102,0.049,0.047,0.039,0.111,0.141,0.22,0.298,0.41200000000000003,0.475,0.539,0.628,0.706,0.792,0.9490000000000001,1.0,0.9640000000000001,0.943,0.866,0.79,0.65,0.449,0.474,0.615,0.493,0.32,0.374,0.33399999999999996,0.105,0.067,0.038,0.046,0.16899999999999998,0.217,0.168,0.064,0.016,0.078,0.065,0.021,0.051,0.039,0.026000000000000002,0.01,0.016,0.003,0.008,0.011000000000000001,0.008,0.006,0.0,0.002,0.003,0.003,R
78,0.023,0.035,0.003,0.03,0.034,0.086,0.174,0.135,0.106,0.035,0.057999999999999996,0.138,0.22699999999999998,0.40399999999999997,0.522,0.685,0.752,0.7759999999999999,0.7709999999999999,0.863,1.0,0.887,0.8059999999999999,0.8759999999999999,0.907,0.943,0.885,0.65,0.297,0.242,0.299,0.228,0.228,0.153,0.10400000000000001,0.035,0.107,0.13699999999999998,0.133,0.145,0.11199999999999999,0.044000000000000004,0.076,0.138,0.083,0.065,0.084,0.06,0.05,0.031,0.015,0.011000000000000001,0.01,0.002,0.005,0.007,0.006,0.004,0.004,0.003,R
37,0.033,0.022000000000000002,0.027000000000000003,0.048,0.068,0.098,0.084,0.11699999999999999,0.076,0.092,0.14800000000000002,0.052000000000000005,0.11199999999999999,0.09699999999999999,0.11699999999999999,0.168,0.16399999999999998,0.12,0.049,0.154,0.348,0.615,0.915,0.9359999999999999,0.868,0.877,0.855,0.883,1.0,0.83,0.66,0.55,0.5720000000000001,0.6859999999999999,0.682,0.514,0.275,0.136,0.155,0.265,0.19899999999999998,0.188,0.275,0.165,0.057999999999999996,0.07,0.06,0.046,0.002,0.007,0.004,0.002,0.003,0.006,0.005,0.006,0.013999999999999999,0.013000000000000001,0.005,0.004,R
59,0.012,0.015,0.022000000000000002,0.018000000000000002,0.036000000000000004,0.07,0.087,0.062,0.125,0.13,0.08900000000000001,0.05,0.063,0.127,0.08,0.07400000000000001,0.205,0.295,0.319,0.457,0.596,0.71,0.8220000000000001,0.8420000000000001,0.9059999999999999,0.98,1.0,0.875,0.758,0.662,0.579,0.513,0.478,0.499,0.52,0.507,0.45799999999999996,0.35,0.184,0.18899999999999997,0.19699999999999998,0.10400000000000001,0.055,0.049,0.062,0.05,0.025,0.022000000000000002,0.01,0.005,0.002,0.004,0.007,0.003,0.005,0.005,0.002,0.004,0.009,0.006,R
75,0.02,0.01,0.032,0.024,0.081,0.153,0.115,0.061,0.132,0.13699999999999998,0.084,0.027000000000000003,0.125,0.305,0.5579999999999999,0.797,0.8340000000000001,0.8059999999999999,0.862,0.877,0.941,0.94,0.941,1.0,0.972,0.9309999999999999,0.935,0.732,0.442,0.324,0.41600000000000004,0.461,0.40299999999999997,0.3,0.24600000000000002,0.135,0.254,0.226,0.16,0.14800000000000002,0.084,0.057,0.086,0.126,0.115,0.057,0.043,0.042,0.024,0.001,0.019,0.013000000000000001,0.008,0.007,0.004,0.006,0.005,0.005,0.007,0.005,R
82,0.040999999999999995,0.042,0.057,0.013000000000000001,0.018000000000000002,0.102,0.105,0.107,0.23,0.226,0.237,0.332,0.38299999999999995,0.484,0.6809999999999999,0.7559999999999999,0.9520000000000001,0.983,0.887,0.8270000000000001,0.7559999999999999,0.8220000000000001,0.6970000000000001,0.644,0.695,0.8009999999999999,0.605,0.608,0.888,0.856,0.556,0.29,0.364,0.479,0.29100000000000004,0.09,0.204,0.171,0.040999999999999995,0.129,0.158,0.21899999999999997,0.17,0.09699999999999999,0.222,0.273,0.187,0.106,0.066,0.04,0.011000000000000001,0.003,0.004,0.01,0.012,0.009,0.006,0.006,0.003,0.008,R
71,0.004,0.008,0.009,0.039,0.053,0.12,0.124,0.10300000000000001,0.124,0.08900000000000001,0.094,0.124,0.16,0.154,0.185,0.17300000000000001,0.14800000000000002,0.175,0.146,0.158,0.226,0.198,0.337,0.583,0.85,1.0,0.846,0.662,0.556,0.392,0.32299999999999995,0.205,0.192,0.223,0.315,0.22699999999999998,0.08,0.075,0.11699999999999999,0.19699999999999998,0.262,0.251,0.198,0.095,0.09300000000000001,0.096,0.038,0.044000000000000004,0.034,0.006,0.008,0.012,0.006,0.004,0.004,0.0,0.002,0.005,0.002,0.002,R
48,0.019,0.004,0.064,0.045,0.033,0.069,0.09,0.145,0.07400000000000001,0.035,0.146,0.34700000000000003,0.32,0.282,0.017,0.057,0.21600000000000003,0.456,0.382,0.563,0.648,0.7240000000000001,0.8240000000000001,0.877,1.0,0.858,0.6559999999999999,0.509,0.48200000000000004,0.45299999999999996,0.452,0.45299999999999996,0.5379999999999999,0.531,0.536,0.527,0.426,0.244,0.12,0.384,0.41100000000000003,0.507,0.42200000000000004,0.248,0.159,0.11199999999999999,0.065,0.079,0.032,0.007,0.003,0.009,0.012,0.011000000000000001,0.009,0.013999999999999999,0.007,0.002,0.006,0.012,R
199,0.012,0.07400000000000001,0.037000000000000005,0.022000000000000002,0.008,0.054000000000000006,0.111,0.107,0.171,0.22699999999999998,0.317,0.28800000000000003,0.266,0.231,0.18899999999999997,0.179,0.23,0.37200000000000005,0.622,0.726,0.7929999999999999,0.804,0.807,0.917,0.9329999999999999,0.956,1.0,0.982,0.868,0.638,0.4,0.324,0.284,0.24100000000000002,0.23199999999999998,0.126,0.069,0.07,0.14400000000000002,0.14800000000000002,0.044000000000000004,0.047,0.14800000000000002,0.174,0.156,0.165,0.11800000000000001,0.07200000000000001,0.032,0.006,0.02,0.013999999999999999,0.01,0.01,0.003,0.003,0.004,0.004,0.006,0.004,M
73,0.013999999999999999,0.022000000000000002,0.009,0.011000000000000001,0.022000000000000002,0.013999999999999999,0.066,0.095,0.079,0.102,0.126,0.083,0.049,0.085,0.151,0.14,0.107,0.192,0.299,0.325,0.38,0.5660000000000001,0.748,0.8759999999999999,0.905,0.7509999999999999,0.6859999999999999,0.7040000000000001,0.586,0.377,0.221,0.263,0.267,0.29100000000000004,0.198,0.22899999999999998,0.319,0.287,0.292,0.281,0.268,0.21100000000000002,0.151,0.179,0.185,0.172,0.09,0.066,0.044000000000000004,0.011000000000000001,0.002,0.006,0.007,0.011000000000000001,0.001,0.002,0.002,0.006,0.004,0.005,R
56,0.015,0.01,0.011000000000000001,0.026000000000000002,0.01,0.039,0.086,0.092,0.095,0.15,0.191,0.212,0.225,0.257,0.17,0.20199999999999999,0.254,0.342,0.40299999999999997,0.455,0.552,0.599,0.585,0.711,0.95,0.986,1.0,0.958,0.8640000000000001,0.713,0.589,0.43200000000000005,0.29,0.174,0.077,0.23,0.24600000000000002,0.31,0.331,0.222,0.087,0.20600000000000002,0.18100000000000002,0.162,0.11199999999999999,0.08199999999999999,0.11199999999999999,0.095,0.040999999999999995,0.012,0.005,0.005,0.004,0.004,0.001,0.005,0.004,0.001,0.003,0.003,R
168,0.002,0.019,0.028999999999999998,0.02,0.052000000000000005,0.08199999999999999,0.1,0.012,0.11699999999999999,0.14800000000000002,0.212,0.258,0.235,0.133,0.009,0.195,0.368,0.465,0.542,0.626,0.742,0.826,0.861,0.84,0.895,0.9940000000000001,1.0,0.965,0.875,0.626,0.218,0.294,0.364,0.501,0.784,0.9359999999999999,0.82,0.621,0.451,0.3,0.267,0.22399999999999998,0.314,0.369,0.299,0.223,0.085,0.036000000000000004,0.028999999999999998,0.012,0.004,0.011000000000000001,0.008,0.009,0.004,0.003,0.001,0.001,0.003,0.005,M
176,0.064,0.071,0.045,0.033,0.018000000000000002,0.126,0.102,0.192,0.336,0.39,0.467,0.563,0.551,0.434,0.305,0.349,0.39799999999999996,0.38799999999999996,0.528,0.72,0.77,0.856,0.8690000000000001,0.924,1.0,0.966,0.982,0.736,0.41600000000000004,0.292,0.32799999999999996,0.369,0.345,0.28600000000000003,0.086,0.37200000000000005,0.465,0.349,0.182,0.114,0.122,0.262,0.446,0.473,0.326,0.142,0.039,0.040999999999999995,0.031,0.009,0.015,0.005,0.002,0.009,0.007,0.01,0.009,0.008,0.004,0.005,M
105,0.012,0.018000000000000002,0.045,0.11,0.191,0.092,0.076,0.109,0.076,0.10099999999999999,0.25,0.39899999999999997,0.381,0.475,0.616,0.6459999999999999,0.802,0.9209999999999999,0.983,0.963,0.865,0.8320000000000001,0.828,0.8009999999999999,0.61,0.485,0.436,0.431,0.44,0.38299999999999995,0.303,0.304,0.32,0.22899999999999998,0.213,0.235,0.32,0.446,0.366,0.272,0.175,0.17800000000000002,0.22,0.106,0.057,0.031,0.024,0.047,0.01,0.006,0.003,0.016,0.01,0.008,0.027000000000000003,0.027999999999999997,0.01,0.005,0.015,0.009,M
